Date,Open,High,Low,Close,Volume
2015-01-01,457.02860838444803,459.23255088546614,451.2798242728806,453.6228205328258,7455945
2015-01-02,448.22601474315354,454.0961868168005,440.89469365423565,452.9541965910014,7648399
2015-01-05,457.0544008192784,462.20951952251295,448.3480748391184,457.626567730205,19352205
2015-01-06,466.26535954804194,468.9128972189791,464.679610937139,468.3558275569226,11225551
2015-01-07,461.3007432318526,468.21094336150577,452.7369419056337,466.99183458954985,4508648
2015-01-08,465.43818631653636,473.2426323525256,458.3109686813867,465.6319289842399,21962371
2015-01-09,482.96133009212764,490.52353548473604,473.70336102598725,476.94128678505047,23068700
2015-01-12,476.0571220582108,491.5938105991432,470.2394711466176,482.7177711658074,19405054
2015-01-13,476.6075366680221,487.8744725518904,475.0108849430965,479.60804739053754,14458807
2015-01-14,479.55431210765727,490.5627278617358,472.6782782790778,483.79905466541766,10264197
2015-01-15,476.94992461785665,481.68504264590206,467.5185048455817,480.72631847274846,19903744
2015-01-16,483.50916766564416,491.1844520234375,470.83188937185656,477.6564260162764,14648958
2015-01-19,479.21714651430403,487.86218297222933,474.89624961930593,479.67664237989135,7572466
2015-01-20,465.7267762094626,473.74238996724904,459.73884747024334,466.1981107099808,7697767
2015-01-21,457.96781660164476,462.85025805641317,449.9452527248338,454.41552805669386,13101118
2015-01-22,446.18227195812705,453.3014464998567,444.6899547838291,450.8554946057319,18311096
2015-01-23,444.10666968747444,451.85632018973223,442.924109566628,444.27640076683855,11223362
2015-01-26,445.69902056864845,453.25457453857354,439.03738337942247,446.6371567154388,23971008
2015-01-27,442.1033899318553,450.78385228009347,435.8760541784121,440.8217796396687,9246656
2015-01-28,438.2181453132819,439.9526825657197,427.6174472775732,431.7476592422378,13604582
2015-01-29,445.0674032125894,447.42075366534647,440.6301968851771,441.4985642165803,18422892
2015-01-30,438.9192699767592,442.4802450065485,438.46881988678587,440.26826466762617,4637023
2015-02-02,445.31169797399366,452.46262703496376,434.1311964918086,440.9783835088378,10837039
2015-02-03,427.5528944339715,433.7840333135408,424.90746116088576,431.8187232579897,12117397
2015-02-04,422.5150772073148,429.5230228683573,417.0995283086467,428.5516946959219,10787933
2015-02-05,425.71349006705,438.10055886734267,417.264803872806,429.5218666697428,7482165
2015-02-06,420.34179408946426,422.9854460697713,412.00885342340564,422.3639261412549,17473155
2015-02-09,425.1324677323385,432.304298200699,420.2166617639569,424.9975638480191,11700566
2015-02-10,422.8790564913872,426.2375492672139,416.90516290677846,421.4235126868026,13131318
2015-02-11,425.0040360700112,432.225149483185,411.6158527066825,419.83246772441464,15488555
2015-02-12,416.41819291207713,421.22273829633014,413.40255127072686,416.29512762717377,24182283
2015-02-13,428.12770398922225,435.890084547586,421.940551442293,428.1113204520678,22583924
2015-02-16,422.5028344031296,436.2465493653885,418.54734973993925,428.2815125237641,16576563
2015-02-17,415.8590698446516,422.2381592745747,409.91954703919515,421.74351088428614,7005404
2015-02-18,427.85576790514705,428.8966688279592,420.0126957734417,427.2001016771728,20165195
2015-02-19,418.85498447693595,422.04900513863095,413.71827303664196,419.63325376718586,3407296
2015-02-20,425.4856060454132,431.32198908723086,414.6345669332931,421.19972536892647,21504137
2015-02-23,404.9070705656187,416.38429455475074,400.9232783954058,409.07125743427,18626577
2015-02-24,395.4498903425747,405.07378188260674,389.0348002251997,401.1668591317876,11600302
2015-02-25,401.97667450877634,407.63765435753606,397.8201205506487,402.5921723024429,7444929
2015-02-26,404.0855442947969,409.1592534175633,397.2121266828817,407.293240575021,10859079
2015-02-27,403.06395508049883,415.2422018136662,400.14114466201113,408.5845736580305,11274965
2015-03-02,410.8708407775716,418.83320299232116,405.8047813968375,408.12094283991706,17287833
2015-03-03,401.78562883386263,409.00367581674845,394.59265777691246,406.5225145435738,9816584
2015-03-04,399.0431654087946,403.19388994121226,393.3309335492492,397.7506408923179,3371028
2015-03-05,391.1085284834282,394.73237372717347,383.8130099182903,393.694513848379,19233651
2015-03-06,387.37851333107693,395.7577387968614,384.0336805670967,391.21046620179715,9836606
2015-03-09,396.21405268325447,401.84489125904037,390.2802248997513,397.648551665789,8816874
2015-03-10,403.5535076695698,405.06453032374793,395.94730751793514,399.93673052438004,2538359
2015-03-11,388.3389141526723,393.26207693920395,384.39019055313105,389.60012482991016,10211981
2015-03-12,394.67483576100847,397.5749018718652,390.7730867448755,391.7278322287819,15109318
2015-03-13,385.3217157534631,393.95365129015045,381.63518153721463,389.7001572240612,5208136
2015-03-16,389.13553322713517,393.85474809033576,382.5329439977448,385.9770281691807,16768178
2015-03-17,386.67410215645714,390.2026712229229,381.8914884872102,389.7500093286075,23680001
2015-03-18,398.11883117141093,404.2733954390626,395.23219305904274,396.01134043686346,10932770
2015-03-19,402.5738027536262,408.4301531793367,399.67820214454315,401.78090956552666,14822051
2015-03-20,402.0749077953222,405.2751994373702,391.17758759307384,396.9642544142102,23841395
2015-03-23,394.0247897960928,396.1542478268625,392.46444458717815,395.36123906332733,18293749
2015-03-24,392.38868672044185,403.6630810728415,387.7645943444318,397.5629866172066,7882843
2015-03-25,397.7967925297397,411.34776550721966,396.1040381828214,403.6191339239564,13857062
2015-03-26,404.89196572179833,407.14433127142706,399.2100047601743,400.96024704114393,14705515
2015-03-27,400.3810852827012,403.24259595129416,393.5182268056236,400.0841951521407,19759423
2015-03-30,396.93562090827925,398.7188323141183,391.0556858622902,393.684838604574,16529720
2015-03-31,383.7749428793507,391.4846255864273,378.21873231169775,386.85712333165293,15080733
2015-04-01,389.98330342507415,393.3486955403498,384.38796366615395,391.80420863991355,16024437
2015-04-02,394.3711049376029,403.1171510746399,388.7042340908359,400.009999431897,22098669
2015-04-03,405.3533211328436,411.1268687153266,397.3333839783766,399.8179339011695,17548514
2015-04-06,408.12129666869555,412.8727279295063,399.727966964904,406.07628140906587,23858544
2015-04-07,413.8319277818794,417.2844401218771,400.3592813058184,408.52270436203474,19556089
2015-04-08,401.96671245224013,408.4517821399175,399.3899049289582,404.8146269828221,19243764
2015-04-09,408.6138024893121,413.3864553300181,400.43154060561517,407.25198916756864,6518633
2015-04-10,419.12432267956734,419.5901499542116,409.3816291414771,416.891867127655,24826871
2015-04-13,414.6359642333555,417.9567977737386,408.21441673667454,416.9179684828865,4596057
2015-04-14,431.4118289647926,439.0667587350262,421.49577325384377,426.95304007970043,18897242
2015-04-15,415.93746556160573,416.9688660246868,405.93417088177756,410.43158985737284,7295986
2015-04-16,420.5378354926314,426.60588876303075,407.77517230537904,415.7378700849644,10240786
2015-04-17,419.5175023074028,427.2704899497661,415.88072931786036,416.53014424821254,7324107
2015-04-20,412.1419022779932,417.4606776043138,409.5063364231925,414.9118787124491,2446295
2015-04-21,413.00823994931665,419.07412447829523,407.284229579882,415.73191538244345,13166148
2015-04-22,409.1971019507723,414.029517872402,397.9589975405498,403.5869170543484,17323951
2015-04-23,396.58591547173586,409.644574180337,392.03402465611816,402.4992187049433,15336989
2015-04-24,407.5211193638467,415.2217224490637,401.6165713241203,404.89678120151416,5229198
2015-04-27,416.6779302273333,422.9496421439696,406.98501678701143,414.11563739532596,4865530
2015-04-28,412.6580445693382,413.7498450954793,404.3977272750089,411.14474975101206,19871742
2015-04-29,412.38080334524165,418.036164384791,404.9135086537389,406.40531810031047,22634027
2015-04-30,401.3127006562298,407.14029903981327,395.24037539879043,403.59041032756494,4375521
2015-05-01,407.40893523992634,413.4448163440441,402.20375848199143,409.37427731823306,23976147
2015-05-04,406.4388913133154,412.4346703897774,405.03837002456976,411.6386356036415,6274015
2015-05-05,407.91336682378534,410.5065315577245,404.8947298993646,408.6145722728671,4238275
2015-05-06,409.0521884494718,418.60590064656355,403.5269265296965,412.00566930587894,5925300
2015-05-07,410.9130729671807,416.8266185433318,408.0326920529165,412.85282021786816,8557049
2015-05-08,423.3057117307616,426.1552290905157,410.8739013264903,419.0991491519701,23930119
2015-05-11,420.3581220557242,423.84556537632415,412.43808166820764,414.93716082690867,22607494
2015-05-12,409.25158445347523,420.26673686502954,404.8534824028808,413.1467351111089,7924381
2015-05-13,409.3928204329589,417.22404501631496,407.5302717475475,410.96465010302063,2233597
2015-05-14,407.36115577581495,409.87620051528427,401.4406049438093,402.1894352643876,21422564
2015-05-15,398.90345897551265,405.5238418485303,397.9420946347952,404.21719563059025,6561295
2015-05-18,401.07700201727204,408.3927320819231,399.9844826326219,406.0425713983456,21781710
2015-05-19,402.20692509704054,413.83192544647596,398.07675435406156,406.31734115744223,21652996
2015-05-20,406.28859046198096,411.1844443264525,399.800944229611,405.13137925759565,6113942
2015-05-21,392.6127935459769,401.19180813323595,388.2295352159187,396.77329157183425,4897596
2015-05-22,400.04763721697674,404.9808160119514,391.78890454563714,394.5078431073087,4114564
2015-05-25,392.0887118207926,395.8403722464974,390.8324430265082,392.716494342425,5110806
2015-05-26,388.2437908444647,394.5857661298437,381.9883815227174,388.2261114891405,7615054
2015-05-27,384.5745730784302,391.76022914576066,383.5922427133215,387.5198172858512,16442577
2015-05-28,389.76114185683076,391.3564218716221,388.00270500229647,390.1009948893272,10656408
2015-05-29,403.32172888000673,404.7140912252859,400.80948282856195,401.37210043538755,24160135
2015-06-01,405.6981832440439,410.242134254775,401.34517200129153,402.6639836470348,4575326
2015-06-02,407.54156953069236,415.2012457365406,398.5232043614237,404.46117603199724,11846164
2015-06-03,405.196825097484,407.97594463617156,396.98097687398274,404.252195497993,3667349
2015-06-04,397.62543488608975,404.5923423439369,385.8403449327433,392.859734668647,8138695
2015-06-05,396.6808666328033,402.8364873894499,387.2546509957411,392.93920699833797,5589974
2015-06-08,396.5646568132045,398.8284209411506,390.2516676111389,393.5299726865105,6344899
2015-06-09,402.86301027108817,408.99671627423356,400.96233731374724,408.3064846888214,12535517
2015-06-10,401.346792064972,408.56901581640005,400.1771695171119,407.37333513981775,2784402
2015-06-11,405.92815080095147,415.53735358858563,402.6203698845164,409.46039433913654,15881983
2015-06-12,411.5017265459631,413.4743526694205,401.34683033542956,409.4928741520643,24768982
2015-06-15,401.4876395419163,405.8023682856745,394.87916052449617,402.5600899478073,11377500
2015-06-16,408.5029169902022,414.0175514365437,401.1068891087129,409.7024488268596,17471958
2015-06-17,419.352439907446,425.5521024311339,409.1397566344958,414.5693023688394,10767584
2015-06-18,424.7180795567536,426.0565332423914,415.34064194029423,419.73710738681723,7405747
2015-06-19,419.348584772803,423.0057077196698,406.319706247508,414.26339475470826,17405230
2015-06-22,420.8656827756621,427.5527167604221,415.2349551232437,423.22884779242577,16770091
2015-06-23,416.9594840167896,421.6609999979882,407.70297626076564,414.58322794986873,6242546
2015-06-24,415.6144758831226,425.40688290648615,412.4118891976366,418.4814945110336,19236315
2015-06-25,428.46838501878995,434.3257518098734,423.67861193198587,432.48256056697613,13649024
2015-06-26,422.28281599279256,433.28596214942667,417.81127815734203,426.31620480990944,5637310
2015-06-29,420.94724544204735,428.9416311729231,415.9489784545529,422.95066604964455,13011831
2015-06-30,422.9460547828083,428.73685732570027,422.1696842192051,423.83665061782295,4125542
2015-07-01,425.06887778777735,431.1435496757777,414.1894972631371,420.8900810845702,24683873
2015-07-02,406.66196715681826,414.9842928375557,402.52077419476876,411.35273227467644,19897894
2015-07-03,414.9264401546688,416.4324381305867,409.54400544027766,412.02259741933136,22202514
2015-07-06,406.0872558729264,411.6301599388232,401.8826961576953,405.7044139471185,9370782
2015-07-07,406.22908606440546,413.3142775562349,405.2750151445675,408.82991468829636,21456844
2015-07-08,403.34998533375335,408.74132780766735,398.17960271046445,403.43689066844695,16953080
2015-07-09,410.5793949209299,416.12417390926686,405.9849459262139,413.0584635593529,16023492
2015-07-10,409.63070753153386,417.0984657956013,400.97127796313123,408.45335761483534,11092054
2015-07-13,405.9180026576991,411.6710129126087,402.49651295733685,406.7252230146133,24611154
2015-07-14,407.78516036922366,413.0127811521223,401.86249987354404,411.93242772333565,2231360
2015-07-15,399.9204766400715,408.4362691745018,393.14017358963287,404.5740932889697,24930686
2015-07-16,406.7662333614462,413.01854156070334,402.27581430459696,406.1972036969736,21617905
2015-07-17,419.4081506620642,426.1558224630725,410.3084338056148,414.405287993526,10030112
2015-07-20,402.7673574967514,408.8690946483474,395.29262413526664,404.66168787487544,14469178
2015-07-21,408.86331606449534,416.2229390987238,403.29106294319604,406.02519862008836,5804379
2015-07-22,409.7929068020291,412.28678362063425,404.5282894351835,407.8515981865503,9452840
2015-07-23,418.2247278102913,421.90568057754456,406.1045234998295,412.87932476175985,23081611
2015-07-24,409.37079209332285,416.76949013740864,400.9735151531089,405.4663817425531,10962289
2015-07-27,398.47327477779004,405.6573006807942,395.16776094846966,397.678650094269,11506954
2015-07-28,402.91995421511723,408.57233396030404,397.0441979465158,401.03073254296487,16444640
2015-07-29,407.8750344874624,414.939687207299,398.0253882478373,403.0578506984017,13508917
2015-07-30,403.59384557679255,405.9017429762557,397.99375120486616,404.81413205695657,2799800
2015-07-31,405.0450556975257,414.2595359243603,401.6416579201083,407.16072750464383,10174433
2015-08-03,397.3338437116766,406.11160610780115,396.4768205439339,403.251833535761,21407390
2015-08-04,408.86523810583,410.6594609134598,401.968445680686,404.89863557426696,4728627
2015-08-05,410.5958103675558,412.87380696460116,399.3610121879697,406.9215444240567,14682241
2015-08-06,398.02558666641835,406.40706768776255,393.54899866302395,402.8054226164391,2855327
2015-08-07,415.27557434771677,417.6728140977543,413.04650523467365,414.32026722703864,6953225
2015-08-10,417.0624941564506,420.47413720463805,409.4697822365863,417.5136381235719,22043368
2015-08-11,405.6100162196683,411.7659282248005,405.1186758744225,410.3033644480499,5071487
2015-08-12,420.56750710715795,423.35475876939506,413.77455703685956,414.5903387851632,14422023
2015-08-13,405.27891025747357,413.6312668666508,397.7760689810964,408.7776889304258,10708825
2015-08-14,408.47610263694287,417.73729840482497,407.55084425465026,413.8490949234425,7971165
2015-08-17,422.4884069655968,425.6941038574557,415.77056325626245,421.2896603567143,10632650
2015-08-18,419.3398686120331,425.70653409580734,414.71143336965235,416.356259525541,7978728
2015-08-19,416.69468827076946,430.2200453351243,411.6732186805903,422.62268850658177,10614291
2015-08-20,427.5190183234223,434.0938312691523,420.5471951782981,425.4930208962778,3264123
2015-08-21,431.41255876230036,434.56532749688057,427.56888580478375,430.9950296213336,16337150
2015-08-24,438.23749936796634,450.233039907173,435.9214452838758,443.51625185527354,24306555
2015-08-25,437.8060517117386,443.8687695058416,429.33099947808336,442.1498573444954,20105358
2015-08-26,438.3081739242944,439.83175144662454,433.5975231409866,437.4161821957113,12558423
2015-08-27,429.2040698488713,435.11002532493285,422.14277311168536,431.84231181780683,18694376
2015-08-28,432.42931297886213,439.4979517220463,421.0860431784295,426.81689621293424,3305068
2015-08-31,430.65840177500763,433.104807083094,420.8680632110452,426.5793616660894,23266407
2015-09-01,435.2420096433757,436.2003319283303,424.2613438021987,429.0182351578152,7735642
2015-09-02,427.9483656325596,432.5659933931809,422.1062678157624,431.0562270751044,16040340
2015-09-03,442.816630289535,450.4845114314293,428.82076474590707,436.66329816778745,14094804
2015-09-04,436.10891234006147,442.7098968852535,428.5934239177722,437.0104578815355,17248752
2015-09-07,444.75694628137217,449.3970880568264,436.14437110635583,446.8008080453384,7419951
2015-09-08,439.28833991041546,450.4385906551912,434.4274969729379,445.295155225984,5987422
2015-09-09,457.50959939197395,468.84368664272085,456.65611807187736,463.7315045882815,7656025
2015-09-10,471.05979091696304,477.3970918721905,460.0240104449424,468.3618683992969,8112445
2015-09-11,462.03709889748194,465.1332794617893,461.1033336411322,462.6209868008009,23638003
2015-09-14,451.73048553811014,463.40320511539926,448.99022913672087,455.4672992297223,18105890
2015-09-15,460.6063327915899,463.7743843827344,455.4161722458606,459.036835728115,18585568
2015-09-16,454.37954226508117,464.26871435938074,450.86277063063693,457.7735930813673,12438479
2015-09-17,464.0292067978425,464.6353998350942,460.96394918348653,462.9510158118523,3913894
2015-09-18,464.5446367519645,470.284742282698,456.1974559585632,466.51507400659005,18533481
2015-09-21,470.8113761279625,474.42837818851757,461.4314706883084,466.2853462673249,5243899
2015-09-22,465.07419246694866,470.3417177125061,457.53064187498296,460.64240494438747,10325518
2015-09-23,450.14567077453364,451.52471845223255,446.1616963336081,450.4517473568147,24273285
2015-09-24,445.7013458046956,454.8738916353452,443.83956319015,447.70501679953577,21822529
2015-09-25,451.85404928642635,456.05601388113587,443.43743732364476,453.72485035861087,14800727
2015-09-28,459.6313488076184,466.00354843333764,452.32216728459576,455.45418004909885,12756656
2015-09-29,444.9115678980859,454.4890044773854,440.52764372182804,447.21679854692377,2641627
2015-09-30,444.73098187495873,453.8851192005965,439.04022932066033,448.64686991448025,17773504
2015-10-01,445.88361942356573,458.3164338150788,439.8486848079726,451.50912958151383,18324963
2015-10-02,445.34854933826705,451.8457971562294,441.6948296868707,445.79398953386294,11386415
2015-10-05,446.84975537009933,450.5566198136836,445.47744050141523,447.08941185164787,14867399
2015-10-06,452.32726915989,459.7311031369064,443.0141464676639,447.74803302417877,10612928
2015-10-07,436.65774671391677,443.24619011964944,434.7669051909218,440.34024130411245,15126873
2015-10-08,441.38615749838715,448.2181839342618,435.93105329023507,442.9676680377648,15817258
2015-10-09,451.0949369242171,457.93468963745,438.88995560515644,446.95958984734244,13891504
2015-10-12,458.901468515859,462.66453503117356,445.93030823363006,454.48896769274995,17182921
2015-10-13,460.3466793722533,465.0651101243124,451.588746324962,461.94578217509326,19546699
2015-10-14,452.1217131217741,457.0802687031495,446.344887394421,452.6768213380043,16433704
2015-10-15,443.9449922835224,453.9674766549671,437.91067764101,446.5804525602076,5189948
2015-10-16,456.1418350846759,464.657325090763,447.43493458821973,450.2984710724614,13650919
2015-10-19,448.8444874162158,459.19533806689776,446.20241305418295,454.03900557741906,2048720
2015-10-20,463.7765695516453,470.06902414520454,449.1051775172226,457.8192050704958,17960516
2015-10-21,487.2244977489811,496.07356594831,476.8964468102974,484.55171361956224,20364798
2015-10-22,489.45499002204696,490.8608957273944,481.7601218893321,488.9918342764168,13963149
2015-10-23,490.63779592418814,500.30630620785485,485.92994360721286,497.61446425698045,18576289
2015-10-26,504.6641665629292,512.3412952760364,495.9565846772151,505.0339090821479,8654268
2015-10-27,508.85934395535577,518.7681549230232,499.97714465586546,510.2715494774303,8973648
2015-10-28,502.9999201224302,516.9475078917192,501.9597107017783,508.16461851763864,21846690
2015-10-29,516.6677682394214,521.2594134819311,511.82738005256783,514.2547368547281,22675702
2015-10-30,515.7907010408825,517.1820248677701,500.17556414665614,508.60185428679017,23377600
2015-11-02,508.0463986407043,512.7802977950848,500.8755559100733,507.10031966159846,15624049
2015-11-03,506.95787802125517,509.6873175457884,497.04190126434133,503.71265969955203,8299633
2015-11-04,498.1002721091003,507.9301386611782,495.62425421301464,504.6335029030352,11821646
2015-11-05,521.166633042285,530.645610659482,515.7955133899354,522.4570969126515,8004475
2015-11-06,502.28880750021193,509.3744031262297,493.4631636969473,508.13708189548623,21319538
2015-11-09,515.410882069883,524.0306358923906,510.6116249535127,513.6726779029926,11974890
2015-11-10,508.15244471882113,512.789697901892,495.3058251408068,501.55476030597475,15797414
2015-11-11,500.7236386053606,506.89516495198586,490.8284079601666,498.3051980547568,13491908
2015-11-12,500.3100565659953,508.1135541845268,493.87330443432455,506.74362731699466,14037458
2015-11-13,505.32341065170715,511.29702955461613,499.9959752821991,507.5362758439915,23932974
2015-11-16,500.39527630966074,501.74850399292797,492.9003850955972,499.63587904598967,21201739
2015-11-17,493.13865950061455,504.104914804063,485.5424549906081,494.5747896100029,14988963
2015-11-18,504.91700466939056,513.1663242193433,493.70006108942073,499.9132131892509,9619709
2015-11-19,499.40673781668374,504.2674747489907,485.0218601149191,494.73636217214556,16139454
2015-11-20,498.30574425213433,500.9210762473093,493.9961686715148,496.63955301700935,11925451
2015-11-23,495.3892347113754,506.5938352874139,487.0904509571909,497.2770284218194,11276497
2015-11-24,489.0985231654376,496.4336917399188,479.72455265417983,492.71500637023183,7646319
2015-11-25,502.839340968307,510.9212324872591,499.0279571276533,508.8559367584942,14182826
2015-11-26,511.7623751123012,520.0137138777495,509.0524840480236,513.9998521895092,8826017
2015-11-27,497.3953958458352,508.13554428990165,495.1385903270489,498.6944072477525,14092143
2015-11-30,503.0277722103238,503.5674080899826,495.07259110258497,500.3883797518421,19456736
2015-12-01,498.07345501783925,500.82499807755397,487.74123426474904,495.7213589269859,15050513
2015-12-02,495.87855305686475,511.8169752625664,492.90691447922165,502.35733290913976,7727288
2015-12-03,495.12611872160096,498.798051806574,491.8060745292622,496.68681824237177,22326508
2015-12-04,491.3936375568921,497.69362519104374,483.8650663709948,496.1300091625875,10637400
2015-12-07,495.0360552055922,506.10475427490064,493.632502923865,500.18577731829856,8920215
2015-12-08,511.9595490102887,520.8548628860342,497.84720950036126,506.9814653061396,23600476
2015-12-09,491.3117793918407,503.17173441508766,490.6588636480438,498.1577337165608,3063205
2015-12-10,494.7546578674994,505.8250329314347,492.9461853267764,495.957112693212,19612704
2015-12-11,487.8169046114462,499.57232695618393,484.43636968977347,492.72139938266946,22720649
2015-12-14,493.74393106649154,494.93258167926797,487.1320741451036,488.1883928163292,9437307
2015-12-15,502.2674393944401,512.2443846318747,498.26253033051734,501.409419874323,10527574
2015-12-16,500.68857159966603,509.1728020659881,492.48663336176133,504.7561901975373,9386105
2015-12-17,495.5485417265749,498.7501064924788,489.764993643223,495.5124591955854,24726922
2015-12-18,506.12252032125787,511.99339199169606,493.2621625698762,502.63194712991015,16442263
2015-12-21,526.0654619818143,529.6331560074367,512.396728595293,518.9334788194622,8858839
2015-12-22,522.859440816046,528.6749938189067,519.7695806636635,527.2815507480245,7405126
2015-12-23,521.5541215781886,522.0898299059463,509.0548790142155,515.5808834013502,11356913
2015-12-24,518.8181088488972,523.7687146714547,505.116411986268,512.1453044654697,4219540
2015-12-25,528.7086903336991,537.6440813391512,517.6483593193987,522.1852305916123,17969427
2015-12-28,519.0556195762342,525.2188800479424,515.1833411422449,516.9555235836655,12689268
2015-12-29,522.7351770345358,533.1820074934109,510.7638373879164,520.7072204706246,11013678
2015-12-30,525.5395648053607,530.4696549959003,518.8777928347047,527.0700079755533,9579375
2015-12-31,523.9957365271653,527.3119201699051,511.22032597369537,520.0578912146269,5581870
2016-01-01,520.3936745216816,522.4935877598692,516.3763174516386,519.9055764821462,4529195
2016-01-04,497.57486252226545,499.62348181493235,486.0356402639342,494.94022535346505,17312615
2016-01-05,486.5854432111701,490.76191802230755,482.99996412626757,487.63202973790766,13972327
2016-01-06,489.45295877147396,497.3155119440865,478.99867402168417,486.0772041510854,9774449
2016-01-07,481.91689207989225,490.6922994249239,469.5294523003713,477.2710660664328,11726853
2016-01-08,484.0546010824172,498.79726774704295,482.9851785739279,489.2439689553679,22289601
2016-01-11,483.826816126595,486.4460142541736,469.6299578084686,479.0421946779298,20815947
2016-01-12,476.74325895612327,485.20290283119516,470.6049212945058,476.16762184478785,23625209
2016-01-13,482.3233110305087,485.8138108904735,468.0355606000993,477.3871388643687,15728131
2016-01-14,486.98851995349145,489.52849057898743,481.723330546788,487.99425112452093,24491916
2016-01-15,476.0429115587988,486.1523116746536,471.05393432615176,477.7766605474528,18969743
2016-01-18,492.45587160760954,498.9001526193329,479.64399936530475,486.39931394139785,2212736
2016-01-19,483.1321450179657,488.77610165669904,474.68268257584236,486.7658138376544,16869732
2016-01-20,484.8469365113951,489.2914284479249,473.7254501663189,479.8914004662161,17921841
2016-01-21,483.2739432164194,486.6281573598257,479.781320427421,483.5057275578634,2478739
2016-01-22,485.44471851537696,492.7259508421048,482.7480760606895,485.2395285384336,9982529
2016-01-25,478.39720475250215,485.78826588827064,473.65354314491276,481.16193793815654,10631331
2016-01-26,483.0105170559316,492.57234731116665,477.7165308152069,481.95442669820824,4028366
2016-01-27,476.9439285031152,480.43621401621255,469.22302237621125,479.45804544910914,23628523
2016-01-28,473.9198322999409,484.2842153713203,467.0286949773628,480.56212234355957,20728124
2016-01-29,482.30169918909354,490.5554246367712,474.1392332338823,485.6233834502148,11198769
2016-02-01,490.1010434354785,502.7208908128108,482.62044087882555,497.46786026726664,17684191
2016-02-02,495.5404557555999,499.01061685823095,480.8465585012819,488.52973956932124,23779770
2016-02-03,511.5020468524433,519.100698620447,499.34325728275076,504.4536109982653,7308435
2016-02-04,488.44404644323276,498.61885184917816,483.89716299693225,489.9852170730425,16401597
2016-02-05,492.5149428362077,501.79179016274844,488.16279312980055,489.1636214121944,14854513
2016-02-08,491.48976262744986,501.8207914625753,483.48626582239655,493.77387021398823,18967917
2016-02-09,498.6979740958203,507.2561418727698,492.2773014409418,496.15133116656943,7645916
2016-02-10,496.3211738000678,502.00919348071056,489.6152922444553,491.8147240301328,3474542
2016-02-11,497.1494650157803,505.4478223894837,485.9849228777955,490.574449057691,22293210
2016-02-12,485.78236871699903,490.5379411384984,478.42037063118477,487.2409887985479,20976388
2016-02-15,487.3328010150461,491.5097774704512,475.97192583977477,483.2258933877793,4331770
2016-02-16,486.23551182719046,493.11224663457494,476.873439929311,489.67407490916867,14227486
2016-02-17,499.83618436636925,504.7747454957933,485.59711162326846,492.59019777138695,20700629
2016-02-18,480.8265415805999,490.90033493143477,478.01248977363224,487.7659447715427,2902562
2016-02-19,496.17680335719115,505.73843669884906,485.1942866959642,494.64051708576153,12291654
2016-02-22,499.59661751774814,503.06584037651027,489.3447073760794,497.2173433046122,13259077
2016-02-23,506.41908021436495,507.8688801659728,500.26386930460956,503.57821085862594,6407577
2016-02-24,502.8438277726965,514.2362136707962,500.2644298628232,508.63636827095434,23259264
2016-02-25,509.22906662862084,510.2907493932672,496.9125230721299,502.61669491686473,18675538
2016-02-26,493.92515141668486,500.24103370257495,490.59778138168133,498.69491978913146,21136419
2016-02-29,506.442392476507,509.0598885248051,498.2118616451754,504.58420960799305,18483539
2016-03-01,505.2677561629106,514.5114165884015,496.6975821630397,509.50670810303734,5469398
2016-03-02,506.7050895613137,514.3576646533135,500.4041308907994,509.65266959287743,12211992
2016-03-03,511.5674123201077,519.8518093658938,506.2676105296188,510.85540440642814,7256029
2016-03-04,519.6582991655386,528.792791843467,518.6257445455814,520.9524479045804,4258618
2016-03-07,511.37605600530367,521.3437805407385,501.81652910898623,516.6423109264581,16048028
2016-03-08,516.0469407077013,525.0178491888224,510.7009461209224,521.1921011426565,11388817
2016-03-09,518.6473432870475,523.5702774972694,511.51567043465417,519.9240982029777,9847058
2016-03-10,522.5407201302402,530.7476959059161,513.1756227663058,518.5383871126447,12742720
2016-03-11,533.6924272458441,534.7541420015964,517.088208689508,527.3958797943045,9239976
2016-03-14,527.5768392771178,534.9065246235717,520.1630561092695,534.2421350457482,6852858
2016-03-15,539.3466611443512,549.8015669993714,536.9613977324627,541.0818471990348,13801269
2016-03-16,545.3821014097015,557.558391496764,540.2145476120028,552.002059574168,9667143
2016-03-17,544.494589605658,554.433623030813,538.2661526742236,552.5071732675164,12201486
2016-03-18,561.1999863268886,564.2729786994123,550.3504248896897,558.4904361985502,10649649
2016-03-21,557.9358674848854,568.3790739904553,548.2515917028887,556.2263152168525,24222054
2016-03-22,553.6108534275726,568.9570673247773,546.56832947941,559.2646988424116,8652437
2016-03-23,554.048457629369,566.5989984865561,551.7634750756083,558.5084914201065,5301777
2016-03-24,551.6593954118641,565.3435751497823,550.764080308769,559.6561925661873,6296271
2016-03-25,570.6654729312478,576.8778222403174,558.3973387565031,564.9882360042527,2393345
2016-03-28,566.3448695498375,577.4053844625646,551.398357588924,558.3929530386212,11759011
2016-03-29,569.9515707911626,587.4039023300691,567.7199053195665,576.2536034570008,22230419
2016-03-30,563.328653212297,570.7942310429291,556.6313521351921,567.9035385006314,21123087
2016-03-31,564.0672333973208,573.3241332962418,552.5945873647785,557.9011504795919,10161090
2016-04-01,575.1935783521509,577.9243735146732,559.0610153547569,567.9275620005089,4538871
2016-04-04,573.6259668890921,577.920384272526,570.2568024097548,575.0124244933461,2158621
2016-04-05,572.9114286801764,588.7813808441439,567.2440616683448,580.7405816857047,14070966
2016-04-06,578.4573462076856,591.6627862384406,575.7800468830567,586.5626120829621,9023330
2016-04-07,588.108625685912,599.1058710311453,583.7753074031064,586.8067971641517,19484825
2016-04-08,577.399905689264,580.820055697651,568.2106385009939,579.2611567828532,17700732
2016-04-11,572.0621444891165,586.4872515476246,568.3992737461039,580.2673730179536,18491716
2016-04-12,576.1569189505051,586.7881140338819,571.963441597528,574.7215107300522,15378177
2016-04-13,574.9184294012365,594.0791373634635,567.2007460074369,583.4726779314782,4602807
2016-04-14,587.5578348372349,589.8928220208153,572.7954564784245,582.5357020753174,19007315
2016-04-15,572.3290635394541,580.2578697611428,560.9111049922861,575.6719996601416,20871485
2016-04-18,565.3359048508634,580.5586764960432,558.8725152235636,573.2422104080351,2918241
2016-04-19,578.6665413757985,580.9977011641638,569.4587018829134,577.1368018282194,8124277
2016-04-20,570.8453051234682,583.7070476110549,565.4469848157142,572.6028911265564,18692791
2016-04-21,573.9278536254787,584.4767837371024,556.5884596776116,565.884366226564,18579126
2016-04-22,569.0459114861372,571.4200014168507,566.2088172216015,568.2923785947892,13011347
2016-04-25,566.8732683066592,572.6060397014253,558.3119792291436,570.7215435525197,11686424
2016-04-26,570.284947328358,571.7806685459608,557.8277823725579,566.7241256055329,8979736
2016-04-27,559.2000176014043,573.3523428357696,553.1235081174748,563.0599285027223,15030964
2016-04-28,572.2138957100268,574.891200061337,559.4090375442626,565.3576347768886,6367757
2016-04-29,551.336638176381,558.3471833893061,542.563008385089,553.4165662837592,19153646
2016-05-02,542.8758696250889,548.048486428468,534.0235685373664,542.0649096857657,19779691
2016-05-03,529.314317825201,543.1916171411552,520.4347523136986,536.5484976029652,10707050
2016-05-04,533.9664632238463,536.4171057264298,530.5761731267108,535.1525554729976,5927526
2016-05-05,543.3334340174071,546.2176726788443,535.0814060723472,537.9693916799663,7888203
2016-05-06,555.242637976753,565.624741028704,544.0267369464968,550.1976206131284,17124804
2016-05-09,552.9943248946839,567.7877425595356,549.4372737462796,557.6059734452218,11809153
2016-05-10,552.0288421783082,565.4219022609856,548.7071590189981,556.6027968339141,5261365
2016-05-11,562.0780498262436,562.8473231477943,547.1052182071979,556.7779913944573,7765102
2016-05-12,555.8245592679613,559.8337932937919,547.8378951666763,548.739263899939,16705596
2016-05-13,542.2527367453175,556.01427714116,539.8666115955103,548.9161241890248,4205349
2016-05-16,546.049392086538,550.2749674045751,537.2499075686841,546.8687331441923,10448893
2016-05-17,547.1628804465079,559.8964559667163,538.1550121843254,549.844124737892,21679666
2016-05-18,549.3937318383942,556.5599686134065,533.7815687125195,543.3513101010303,22585897
2016-05-19,541.0644074138179,549.2066151204331,531.6656818494114,547.9101350207311,6465943
2016-05-20,555.9756003633787,571.0830216837878,552.7593227584057,560.8359288733651,24290077
2016-05-23,564.5008996962688,575.3379432605169,554.0517507303423,560.257481447426,22655012
2016-05-24,556.3778675054364,565.3662568060075,553.5268478184244,563.9695659016604,8179064
2016-05-25,570.0185730114545,576.4833376503395,566.7004054008514,570.1462507524258,2514938
2016-05-26,566.0721649088026,570.8925523996325,561.253555736267,567.0570232863148,5070132
2016-05-27,566.4750768002043,574.1219065767583,562.5329572115205,569.3033557354304,6453054
2016-05-30,567.9504406728353,572.2670014426502,556.7895095526286,569.7524711891992,18243686
2016-05-31,571.4419092118654,578.2897090081631,562.8925644759131,570.9290906497775,21166858
2016-06-01,558.915357201124,575.493860823822,554.5103336689814,564.6516415097677,14691533
2016-06-02,566.4187859998258,572.3992504446223,553.9944208200639,565.1980281466086,9334806
2016-06-03,574.9798477843528,576.4606376865339,558.7209679120434,569.7591617469812,6675919
2016-06-06,587.0493888014005,594.5518948638073,580.2813113298035,582.5030527273063,10507441
2016-06-07,585.0954406549528,595.6473396607005,580.9977085713964,591.2342273277459,24444116
2016-06-08,604.2585580455075,621.2264844649426,595.2200735979975,610.68449536258,16745270
2016-06-09,599.8209651208925,609.6143654192291,595.6649819782937,604.0217971716477,4108086
2016-06-10,609.735853256915,615.1434013177013,606.7217318149851,612.2877204304798,12778627
2016-06-13,612.6517848458572,617.1839718826835,603.9699523863703,614.3389639440284,17381837
2016-06-14,638.3094079559891,648.271196135969,622.6237640158508,634.8867863009128,4338782
2016-06-15,619.2236273625634,631.364441535063,617.8135334045393,627.5700498612683,8177772
2016-06-16,611.3861561069502,629.7004886673767,603.1681583003337,620.0418277156803,3609387
2016-06-17,612.8453966938055,617.8591281730035,601.8283690706859,614.8391251413029,22810526
2016-06-20,599.1432562066599,603.4043876128654,589.2740494869563,595.6202157809978,19160310
2016-06-21,585.8423635423729,597.1010460020666,582.6793350761689,591.2803331185448,7169501
2016-06-22,587.3851865872789,598.4989379069164,575.6673521899104,584.9021981233464,18944020
2016-06-23,582.3462771043859,597.5432317029328,573.6811455831231,586.5726242866308,7919261
2016-06-24,596.7644695181555,599.7068559025711,580.8534268730978,589.9315383548615,8515766
2016-06-27,614.0918631169604,618.885563550455,606.1847779245636,606.8876825188017,13776360
2016-06-28,612.158275361583,618.268024195129,602.2111141089695,615.9038229368233,20844355
2016-06-29,605.9948500238893,617.4744216940803,600.5014364871674,610.9436077257549,8548932
2016-06-30,601.4722474464699,608.9576081406981,600.0167015640436,603.0769633821806,22762152
2016-07-01,603.1569481694036,618.900353186466,592.7772412434522,607.8887863629342,23252780
2016-07-04,599.2985312091291,610.4874960219471,595.2888137785218,596.2151952057746,13647194
2016-07-05,618.9479382806902,624.0776428902286,611.7274406017405,612.9520775068258,5889359
2016-07-06,627.4050888967344,633.8943528548518,622.170914793165,624.1639528376951,24513309
2016-07-07,626.1801504222788,637.4692322094813,610.2709672400151,620.1458132655046,6270924
2016-07-08,602.7137021209302,614.4532840869824,597.9203478114922,604.5820026668197,10810580
2016-07-11,610.8587863844531,617.8827559989943,607.4727582498883,617.2226549383429,12247166
2016-07-12,620.9336747783987,625.3305879185702,615.7523366794695,616.5325397205602,24467918
2016-07-13,625.7196453852122,634.0135327405153,615.3502523469721,628.3497697623205,13209939
2016-07-14,616.852167380947,620.1613383103091,610.3570035940103,613.6989058395862,16226003
2016-07-15,604.3623522064105,611.4656731036258,596.1655199300435,608.5495882464754,4399414
2016-07-18,601.3121192611687,610.0087240172539,591.2923969979172,608.9625837689891,8057914
2016-07-19,618.7677601291631,626.9503603199025,602.4437746955949,609.7571026757402,20367620
2016-07-20,599.7561740663083,609.6350800594774,596.8071023856093,606.006497668792,4284533
2016-07-21,620.9997445600197,622.238388408831,605.1967857770583,612.0318681585205,5866491
2016-07-22,611.226056817976,614.5197137652253,596.700159696869,602.5978213912272,6647193
2016-07-25,606.9758840301191,616.8309660924863,601.0154076173326,601.6724165717924,12372364
2016-07-26,606.0036294682671,616.41373825382,595.6302148816831,603.1190984732623,19213276
2016-07-27,609.5545039072389,615.7587073145656,603.0829763388048,608.1349882196035,9273668
2016-07-28,621.7457150716058,627.2825737600552,606.9592307285153,614.9912377950876,2796184
2016-07-29,601.1639756065185,616.8307024809443,593.6271391278428,604.9855570557272,7455500
2016-08-01,590.8533687402081,594.271988403119,586.8457133349217,591.426794647417,11905111
2016-08-02,605.2766169169379,608.3585803586648,601.8015525736868,603.1164353347664,19211102
2016-08-03,604.8688173937749,610.4543968758576,599.0045053686565,606.4846658307212,9538707
2016-08-04,598.7340430475676,602.6089745620601,595.5006389132186,600.0393725251852,10808263
2016-08-05,611.2326872074593,619.4033195308655,600.0440267918924,614.3606800199564,17632315
2016-08-08,616.9818951298055,628.2762733477626,605.9499522755985,615.7952856327466,9063240
2016-08-09,633.6527627664746,641.6948358554979,620.499136681153,627.0578474987234,10251796
2016-08-10,622.445327554866,633.6131087341665,610.2330888772806,628.0691521115137,3471602
2016-08-11,656.3039351944591,668.6121312793936,638.0156488123087,647.8603766312235,24824830
2016-08-12,669.0813716056882,670.3665567649299,658.5415694941013,665.3073295467236,18093134
2016-08-15,669.654005556556,672.9990929734095,650.1460391819631,663.2219488527894,11350825
2016-08-16,674.4203608867847,682.346070395886,663.2038697598763,673.2853897152117,16074250
2016-08-17,685.9110720488208,694.6190559547306,673.2463518014087,680.2071939149798,15363108
2016-08-18,684.4984934663906,695.7962342287342,678.2625997357794,694.5796137001173,21663848
2016-08-19,691.4852934361578,697.4719908313675,683.2919144099924,684.9431190008387,18502140
2016-08-22,682.8504057062279,701.6351238859744,677.5662134845943,692.4026782743354,22506138
2016-08-23,712.0437183447715,722.1998402661491,695.2807563967913,703.8109591229868,2338781
2016-08-24,695.7856068690448,704.9175551033669,684.0729171913481,685.6659438266568,24178593
2016-08-25,669.7441577057226,678.6860194818694,666.3370196111338,673.9075424197841,23092438
2016-08-26,648.0171516775647,655.5133204184743,637.5193836600356,653.6980777651712,5597120
2016-08-29,656.6347537048531,662.6200691036757,640.0391674293082,651.4486356646322,18134530
2016-08-30,653.9695674412222,661.1217549668277,649.2874207112678,658.851133699581,15038530
2016-08-31,681.4865901419952,694.4381402320166,667.782873892852,674.0938890847262,14540571
2016-09-01,667.2021610241336,682.019096827667,663.86868469455,675.2475479985877,14043661
2016-09-02,684.3816401068766,697.01284343896,680.3008749306889,692.1484763340778,8193437
2016-09-05,687.9845626764713,698.6894492928205,672.7273032085353,678.2352385975302,18789173
2016-09-06,664.7616263124906,671.7157131470781,660.4803498110126,661.3127698130054,22782020
2016-09-07,668.0389649760658,672.6421853027059,654.638331352981,661.1585414356823,11359728
2016-09-08,661.8576107589439,676.2943534444502,650.0427967532299,665.3641588410919,16531214
2016-09-09,668.9602335012045,680.6509095375866,662.6004419872244,665.4370686329343,24288077
2016-09-12,647.0241866421549,655.9448094953297,635.3834610784726,645.2000417148313,16088845
2016-09-13,646.7197607190783,647.9435640602114,641.3519361528663,644.724657941691,5245498
2016-09-14,635.959670220068,643.438641620355,631.3481794844997,632.4961379488307,12515975
2016-09-15,640.674268470699,650.6063875172238,634.9073604578272,639.2291151439802,3498111
2016-09-16,641.759097921174,645.438873099692,636.1915637528247,643.1277567000539,21604370
2016-09-19,630.1817385189503,637.8376469998041,623.090515999534,634.4466916758473,18032031
2016-09-20,635.0127220814792,646.2952515625257,621.6998515513264,629.9370422058639,5108958
2016-09-21,615.2125877264672,621.1638944106412,607.0346223321152,620.3064369355396,6892712
2016-09-22,623.6737577962917,633.2170986443083,615.1911329125029,620.095417085203,11163082
2016-09-23,624.3168420078069,635.646246833307,620.7421219048376,629.3516649695583,17701804
2016-09-26,622.7564854664175,628.6656168813047,616.0136700232415,620.423751041563,23178124
2016-09-27,630.1231678891172,630.8382531582037,615.335060148975,625.4868417400431,13076762
2016-09-28,615.6476888964897,631.1743054760985,609.1130543687568,620.8870963997215,8588919
2016-09-29,605.7711620466969,618.6861015337079,602.7672406082952,613.8753609979974,23614866
2016-09-30,606.4688860588108,620.172344383906,599.8210030631006,613.2581367017734,10666777
2016-10-03,606.0240225912869,614.4287958561806,598.1803085552453,604.1030299185687,19586354
2016-10-04,605.732827884116,614.4250709175245,596.2424736009598,599.4485733934317,23669796
2016-10-05,580.9968350005133,600.3253363064132,576.6765662511807,589.037249630289,6356232
2016-10-06,611.0122554183758,617.7917169149931,599.334145471242,606.7501163086558,11061555
2016-10-07,604.5434500752881,612.6558140412867,602.7375829774481,607.4351088423456,4776245
2016-10-10,601.0365956950712,612.9234510974586,590.8723301740806,601.4240023060423,8772978
2016-10-11,611.4825179880831,619.5541449895184,603.0601022972595,603.715246522329,9463108
2016-10-12,600.0203240690716,607.0795736053892,589.3748828781116,603.0602633270853,22177421
2016-10-13,600.7978145175999,603.4697651049266,588.952514516612,601.4232297118548,12823042
2016-10-14,598.4641150740165,617.6543991140773,596.6150758799639,607.3246954545057,13186583
2016-10-17,606.8755314950893,619.4337471076205,597.5624903862298,614.5898873614121,14551436
2016-10-18,605.6497651006413,618.3337975123014,601.933675549814,610.0680316855032,24631090
2016-10-19,596.5929326033457,611.1834212380943,593.8541487287042,605.1647479943339,3077406
2016-10-20,605.40777509314,608.3014219405572,600.8123657347812,603.0310729782477,22819452
2016-10-21,581.2845964159817,589.8134902660785,580.6104751343048,582.5709417738071,18193982
2016-10-24,570.5027106917236,571.7309906536749,561.4689539604193,569.6798900777874,18692889
2016-10-25,576.0241591490712,586.8520115254569,572.2769051187624,581.7019097482535,4389905
2016-10-26,592.752934302543,603.1946128306649,582.1975441041593,596.4041438003711,23513209
2016-10-27,597.4560714713466,603.0033868733611,587.2387903884535,594.5340943974455,15003857
2016-10-28,608.4084599158172,617.6713395931323,597.6993071394116,600.0325564325676,2889912
2016-10-31,595.0584024937715,613.2857609454485,587.3140166253825,603.193979355239,9458310
2016-11-01,638.8081471799525,648.807806150954,625.8763491829835,631.4133312450409,2700527
2016-11-02,643.877542158513,644.9962446240503,635.6967970408101,642.3958971098971,23196773
2016-11-03,642.7789541126912,645.7925889393822,636.591532323982,641.5487286091317,5989551
2016-11-04,632.7435587208474,639.8274662354783,631.7796688658043,632.73827152427,9990863
2016-11-07,609.8892460911151,629.4632738702829,598.337318635823,617.87101346754,24935414
2016-11-08,612.4975916515859,630.5853904741501,606.9270907147925,620.1274503190766,22541815
2016-11-09,615.3211954373761,625.7866741094628,611.2540434865228,613.4640189009667,14772155
2016-11-10,597.878276900418,604.8061826120505,591.3890684207759,600.7445751635083,6675616
2016-11-11,602.73036769221,608.2510825492092,584.2612373058308,595.2786446187586,18914935
2016-11-14,584.3363973252347,591.8051013493377,578.8729967479844,585.9784753603043,10633829
2016-11-15,594.7261505714765,603.558155186764,586.5839950691509,601.1594926910711,11461251
2016-11-16,613.3962224494608,614.3717030727901,599.0750902742485,609.4702800220459,8684419
2016-11-17,605.9829122702122,621.3431810128924,603.6387617573793,609.7630758710228,3558569
2016-11-18,624.1417113719652,627.6203896214682,617.3726252700559,623.6651630702485,14060680
2016-11-21,628.471099914774,631.964789092173,623.3463354748709,624.7631409411734,10942224
2016-11-22,624.476206941965,626.0899796183894,614.1751392767906,617.0665194827653,23835664
2016-11-23,637.0706596582758,648.9467061924782,627.2191768028295,631.5347924909728,23024352
2016-11-24,640.3891795861491,648.0834588985617,624.3392690697509,637.0188200056127,18732949
2016-11-25,630.8713914466014,639.497737771864,620.0406971168159,627.48985147835,17268890
2016-11-28,634.4502771810431,646.0733814253458,615.9024978703216,626.074811556618,20811946
2016-11-29,614.4406042153759,622.9054112981338,612.7847852879447,618.227418448801,11909378
2016-11-30,596.708668385727,613.5342385975009,586.7538347813489,605.7750842812836,18030935
2016-12-01,610.3499888396051,615.6219760601427,601.4603273002293,614.5543785605836,15977095
2016-12-02,627.1714962871177,635.4018678267859,620.786826851544,632.5247165411803,18349781
2016-12-05,622.6431532361627,633.099617064114,610.3427029575569,619.6348029982004,24633816
2016-12-06,627.7471655255717,637.5203092749131,615.2274280760422,625.2391138610615,14873211
2016-12-07,621.2491634420687,626.0093057014724,614.1737434908368,619.5121495790079,15358729
2016-12-08,606.4266637028775,620.3781018251248,595.3227858708112,615.3571554645968,10537968
2016-12-09,614.4467737800511,621.2901957601589,598.727644774925,610.2583621558634,5458460
2016-12-12,599.5248238110645,603.3211288347396,591.7745629400508,602.7156532928182,17371509
2016-12-13,606.5043715344227,609.8908750498417,599.7093521957397,603.5159538550778,13021299
2016-12-14,597.3679146764707,600.3287116154215,590.714956034319,596.3556886457139,11754043
2016-12-15,596.3060770905545,602.5833404605831,589.1710679008447,599.1328290577045,6462571
2016-12-16,592.4737072757562,608.8124994915469,586.9928987366518,599.0408192455276,11702389
2016-12-19,589.9861115115721,601.0240881200439,582.2830039884982,597.2531492307953,3154969
2016-12-20,595.3435332793342,598.1052754433991,588.1761717655961,589.4808222911071,13264264
2016-12-21,592.0741214949277,598.3388611818921,573.649875661251,584.7345762112215,15471379
2016-12-22,594.369904383594,604.7400280804584,587.4473574793817,591.7109674815517,20127031
2016-12-23,589.4152780824941,599.8438706794697,587.6083492958958,596.5119669678011,23839849
2016-12-26,586.3944216379508,589.5887366208635,583.6230098731974,588.1230231195647,14140067
2016-12-27,593.3999657466729,598.0116863152773,579.6259821020825,589.3521911698734,5966974
2016-12-28,601.3543982613197,610.4982232079158,587.774339853698,596.3482771982152,12570901
2016-12-29,575.109580145561,588.4418142733929,571.4426301831573,581.7728817143992,4588160
2016-12-30,578.061215218306,596.5580725425767,567.4255482090358,586.8636288173743,22616136
2017-01-02,585.614223140457,596.8769027546209,579.2488518838508,581.9108775048669,5109668
2017-01-03,585.235677921286,597.2041472290389,581.5248342315342,587.7643074002866,18393445
2017-01-04,577.6305640718981,589.1745221067292,574.0853716970801,581.9167065187049,9386089
2017-01-05,558.7490872124192,572.9173501028852,548.6382911767917,567.0352158633841,3269343
2017-01-06,554.7124882394902,555.6895103569344,550.5175365883388,554.0426605233007,9282060
2017-01-09,561.122880454424,572.1781894317663,551.340087121027,555.2733411907766,23667923
2017-01-10,565.9339597140322,570.6233684870612,555.9178108836227,558.2695059222625,10154410
2017-01-11,552.6219417615393,554.7729320754478,540.9393319605742,551.534124248731,2167659
2017-01-12,557.8864368226181,565.5113319864098,546.7364814639892,557.6445084226585,5411236
2017-01-13,537.8037760513666,548.0690473647597,530.8591884397038,544.5829121099172,20867933
2017-01-16,545.6588625762458,552.2775884345463,535.5031044850589,544.8599975403971,10902601
2017-01-17,533.8506298265166,542.288742211683,528.8374014256743,535.7797732823484,15570270
2017-01-18,533.0526072522537,538.1000112795906,529.9790806276997,531.3448339114395,15184215
2017-01-19,530.7419646385057,541.5118882644266,524.0748450484144,532.5196267493803,18124308
2017-01-20,522.3440496054809,529.6223708646555,520.282909847196,526.4456011275365,20175144
2017-01-23,517.8289973749382,529.1910330419413,507.47478733183095,524.1985559094928,24929736
2017-01-24,529.9384284014701,538.8743687301416,521.0364051544713,532.8973123045417,4045481
2017-01-25,522.6830177497936,536.2855492272489,512.5314928776213,529.0852963716102,11118303
2017-01-26,531.3107582075928,545.0393057013925,523.9971574618207,536.5112104479786,24174221
2017-01-27,535.9471579255394,540.5034260660161,526.7748133682786,528.2244713829945,9072368
2017-01-30,532.3204970120767,540.2930078071462,522.6546695216264,533.214641067306,22576254
2017-01-31,546.0660694039802,548.1747625652591,540.9192027615038,545.544445448477,20826516
2017-02-01,532.0341178405353,541.9939635375034,520.1275701877304,526.1368831941339,8689687
2017-02-02,528.3772931368485,532.7512623597156,519.5076330599028,520.6369487297437,6071889
2017-02-03,527.229627086727,535.0647375517616,516.6303693642768,525.9245802252221,12799020
2017-02-06,530.0341781920869,530.7690602740391,516.7248629995462,525.1116687042401,18088383
2017-02-07,526.0772060334199,531.4131992551789,515.8509476826008,528.822731640777,14812263
2017-02-08,521.7664367631127,530.2068026037892,515.6329521585858,524.8249492935937,22735897
2017-02-09,524.757660920307,535.6023064271195,517.0326116094436,526.2938539298311,19093791
2017-02-10,528.5757257820068,534.3994927053809,524.0286608181533,525.8543151279713,2674104
2017-02-13,538.7831913945527,548.8409477205911,531.2963013444044,535.854345144456,5470966
2017-02-14,535.7171816187902,544.193652495619,531.2534382151388,538.7031143778468,18533495
2017-02-15,536.2725445981375,547.8342959488309,530.9668266615694,542.239183131646,10275104
2017-02-16,541.8461421973011,543.6207907118993,529.8503196559263,539.7025044614286,20790707
2017-02-17,530.5818078963179,545.2840503036688,524.4564292758056,536.5646237132771,8819678
2017-02-20,535.1452256692426,538.1914557612682,533.3491319976636,533.888039329624,7111179
2017-02-21,540.9687204129807,550.756271261016,535.6261132185709,537.8477706021743,8912690
2017-02-22,538.4795269968405,548.336750235312,533.6393893327321,535.2581587910681,12057816
2017-02-23,542.4815987009936,552.7469194733403,536.0409417375882,538.3876113747496,2139244
2017-02-24,562.1745440846278,568.293465051291,545.9250748971047,555.9557439712312,24571742
2017-02-27,564.0535854032769,571.8747688947683,555.2100807559916,564.0542793260094,2721673
2017-02-28,566.0249179742365,574.963471248128,550.9324389050547,562.1419362177945,24149870
2017-03-01,575.1629265992816,577.1698298041963,564.9566329099582,573.1139399223764,22204851
2017-03-02,565.102672405026,577.5496527167738,554.9667312897959,570.4655055599948,14500513
2017-03-03,545.9996627446046,554.7958308422466,539.9844246242811,553.8810076680178,4591090
2017-03-06,542.8050445409456,552.0476987730848,538.9323597654364,546.3364312539109,2489922
2017-03-07,530.9158266977206,533.9211680019765,529.118995495433,531.824709174513,9426029
2017-03-08,531.6796390388977,534.0591901876383,526.7639572629802,529.818292891957,6436134
2017-03-09,536.3317223336369,540.5879992693515,529.6093076783499,530.7593962445956,22777351
2017-03-10,539.9368158719982,549.9242946781155,529.6910113091853,544.9023081745396,19742314
2017-03-13,542.2314509479739,555.4333161275142,531.5123034357886,548.3918138453444,4306972
2017-03-14,555.0235435651982,556.3634480750936,543.3423306924823,547.4121075199929,11000085
2017-03-15,548.5170544746362,560.9105162894956,540.5622932885881,555.0436255390404,14146131
2017-03-16,537.1202323721425,539.8694544274833,528.9648776935685,537.4670426003121,14559402
2017-03-17,541.5593449497175,548.0068950710114,532.7653013728204,540.1727690603154,4720688
2017-03-20,547.9082725407941,555.0917267535925,539.0896178156923,547.229034009218,15131804
2017-03-21,529.2574752851009,542.1175175174558,523.815275061592,535.9129977155706,6048745
2017-03-22,538.656438583344,554.1148996098599,532.3879969172422,545.9111570813088,8256464
2017-03-23,542.9982306069784,553.5553003215595,537.4249741323292,549.5018582991779,8421172
2017-03-24,548.3073339407629,556.826398828042,542.9553009919218,546.9030888803615,7949089
2017-03-27,553.6500668108118,558.7561458279466,545.9231602496195,552.9144988710971,4259071
2017-03-28,568.002743864052,578.416351343457,559.3548146479376,572.5763556728502,18689918
2017-03-29,577.373797363827,585.0609177008205,565.3129929085485,574.9972049694784,22376869
2017-03-30,583.5505691059562,584.3376675382439,570.2785097862186,578.0005929270113,23506488
2017-03-31,566.9787502944368,582.6032726935317,563.6303569461606,574.8849307318757,22560740
2017-04-03,568.3869280475824,575.6679294611223,565.1911118932695,568.4188173058839,18872835
2017-04-04,579.6244011326938,583.6163295741519,572.1271623158564,576.3511230739446,6249341
2017-04-05,565.5804884084613,571.3132410660121,556.7837522644287,569.8145766409352,17304321
2017-04-06,567.9864859528955,572.8393159586736,562.9732319980221,571.2809907833409,15742603
2017-04-07,569.9813054479379,580.5494720074022,562.8432359156558,568.0447629778707,12544674
2017-04-10,579.8183056175977,587.9916025176932,566.7905028754215,572.9780598461468,24701765
2017-04-11,582.0672940648346,584.0550245737554,571.197477597395,576.7052429218885,11544439
2017-04-12,588.0084116514278,592.5817883225864,580.2954044413165,586.5456216701875,3516871
2017-04-13,586.9643729799594,594.1588991242573,577.5423538229637,582.9382218167691,16085524
2017-04-14,579.0948422372862,591.2653407559884,575.3855157428526,581.4528229261018,14788980
2017-04-17,576.2149599419756,577.2691784274161,563.5078241100197,573.788428277702,17632121
2017-04-18,570.2460239936598,573.9624278444743,566.9630545020651,570.8251559492169,19330029
2017-04-19,569.5641999566606,585.2059146269072,559.643437798797,574.9119828748713,11705276
2017-04-20,585.826558548196,586.5144041384505,571.3934858800698,582.3023782483228,15121698
2017-04-21,576.0953661026311,578.8759381760127,574.2846402615604,575.1211458945938,14280206
2017-04-24,581.0109901057258,594.7012067045873,579.9552022715458,583.4857589121541,23031310
2017-04-25,603.5834509137555,611.221579227763,584.9860428125203,596.2259183233451,12512005
2017-04-26,592.1828274766973,604.4057033537421,585.3264253761304,600.8177662734522,11948949
2017-04-27,615.2141117190413,620.0392254750943,605.0868592559474,618.63317694065,4696314
2017-04-28,604.240032567257,613.3211452506598,597.7272634284781,612.3807516482038,6498965
2017-05-01,606.67869819657,610.1065277945454,599.3224165079914,601.8662840343314,8942362
2017-05-02,590.2681660889177,600.7443816000871,585.573540950264,586.7108072622134,15183085
2017-05-03,597.7175636316563,606.105209183954,592.9661874232345,600.7570539585146,15153550
2017-05-04,610.7566570673604,619.7264333344197,599.4891384710958,607.5549112982958,24883707
2017-05-05,606.0617034403027,619.1749675444606,600.887867252326,607.959682568175,6501461
2017-05-08,616.1251640885317,621.5179651834563,602.8208125066817,611.4247666498239,14622825
2017-05-09,601.1921556019215,604.8095471485149,599.5609103710219,602.0196256281286,24328059
2017-05-10,623.3637379213521,631.7743830443397,621.2054088001576,625.0085154337935,8373624
2017-05-11,635.3368170152993,646.933994819397,621.26622870617,627.1574932935782,3403400
2017-05-12,624.4254828893263,639.3714982239323,615.7904149035277,629.1273460109752,16626849
2017-05-15,629.6676907140258,638.3535900824561,620.584358890315,636.9200314787425,7214435
2017-05-16,644.1003723967591,653.2201143395507,630.0293918756514,642.4708777512503,4817422
2017-05-17,654.6818831480093,662.4503730236083,642.6873886756384,645.5921685517736,12116029
2017-05-18,636.5642183746704,650.5604851681704,629.2801929287447,638.9056950364654,2049875
2017-05-19,635.915936671512,646.5263658087541,627.1260049415034,644.3824108550754,14394715
2017-05-22,660.3413145593397,670.9364103586436,653.0452672594658,663.5401367062613,19835378
2017-05-23,678.0471867100632,690.055260794665,674.913859135154,677.9265499316159,18604920
2017-05-24,688.0940226697116,701.2550258332928,675.9613217541195,695.1443924544358,6622410
2017-05-25,694.133357103057,701.1842967168581,688.297275161238,690.8565783810283,10844905
2017-05-26,691.8162812796711,693.4342685969508,679.6287254385393,681.6377382475016,21427463
2017-05-29,680.3875740771376,685.6563297229172,679.0182603273159,681.3740781791053,14367945
2017-05-30,679.9892196478577,687.8595588335052,671.5248987008508,682.9656819575088,3117201
2017-05-31,693.1286467457165,708.3786843765619,682.1256922644867,695.1995593295146,14466082
2017-06-01,670.7585713902802,682.9164496702111,662.1052328130231,678.5933486971309,10707069
2017-06-02,703.1737074423586,710.0342259170536,685.6740164293036,695.1803788194296,4530346
2017-06-05,692.8006891654609,704.1292253890674,681.263426869794,694.5754895257998,7521457
2017-06-06,688.8324600416604,693.99083451678,683.0036057319062,691.1698358381681,3649383
2017-06-07,684.9794410559924,691.9952781516057,674.2527811854443,681.7135503684303,15347546
2017-06-08,664.6561985582775,675.8227251587033,662.2955516693899,665.8140474370555,18558650
2017-06-09,678.0358252857391,689.8812800166178,661.9450937300392,675.0339465817931,4227995
2017-06-12,667.8846310390268,685.5187290719063,662.6974987896735,676.7888792528639,2632621
2017-06-13,670.9646327853889,680.1649110963241,661.0500576639243,664.7085946975068,4036287
2017-06-14,661.4196434185466,663.6680640806893,649.1570110476994,652.7929077305383,10543813
2017-06-15,653.387214718229,665.7818090873005,648.4256104602943,650.4841290388187,19300782
2017-06-16,676.8509583351957,679.2327342300506,663.6393999232533,667.7449354307505,17254669
2017-06-19,659.1805269880047,676.6174538983821,657.6172086304969,666.1464406815766,17270302
2017-06-20,651.6841357480173,656.0592647475182,642.7694065794049,652.1259604217706,23036393
2017-06-21,652.6876881113833,664.9179260608759,643.9076435508365,650.7003178871428,10108789
2017-06-22,650.6058966158655,660.1562910236153,636.2077798809559,649.0144486610217,16271568
2017-06-23,621.8893475900765,633.2903216312795,609.533770777423,623.7331943689633,23713658
2017-06-26,621.1289705092056,627.3828071873128,611.5402335095267,624.1608115025517,10581682
2017-06-27,615.9610177147136,628.8016000268178,604.8215701315318,622.9349484631205,9261468
2017-06-28,628.3274353530625,638.4047173173911,618.8673475338321,630.3747200255863,8785392
2017-06-29,642.2373064252806,658.9437803331074,631.5529326601479,648.8033098159863,8985195
2017-06-30,665.3859470120709,667.3656220071356,647.8835378139765,660.7403015791132,6056974
2017-07-03,653.309435454528,671.776485303746,651.5303293377924,659.0664281141557,24559615
2017-07-04,640.5196479878352,660.7443042225743,627.8093294953075,649.1159165819747,18078169
2017-07-05,676.2063657862145,680.3559894716151,671.0850996291658,675.1457225675738,7808331
2017-07-06,678.6915821906382,689.979882343865,665.1793732410066,676.7581572377555,17629244
2017-07-07,685.478455797716,692.9146320185124,676.1062654534927,677.9146959025117,4465860
2017-07-10,680.2536375278422,686.9026564047834,676.625159926925,678.6862466799884,24798851
2017-07-11,678.5606694397663,686.4753272839085,673.4199764438983,681.720837092159,23974507
2017-07-12,687.4601776616706,695.7361004271827,676.343322183055,681.2672158349008,5725551
2017-07-13,677.2442316419417,687.3134265729404,662.9669419287975,676.4268598847897,3421672
2017-07-14,663.4124919822241,677.8106966025206,662.5583880417789,671.8928490282694,14543416
2017-07-17,673.8992624832687,682.6297383978155,670.3368596379665,672.5705879812056,20528130
2017-07-18,676.2749509499682,685.9368543185249,666.0974687804553,668.0970710955025,17689305
2017-07-19,659.8963712858991,671.5613079475488,654.9640723381897,661.9554640089049,3776305
2017-07-20,659.9479565997307,665.3247928513442,651.0722846192654,664.0051782662636,12883728
2017-07-21,655.3759593978124,673.9455028562475,653.3962811843386,662.4615931430524,7891393
2017-07-24,671.3065650110117,684.9854547197307,661.5986810367065,678.4003494021539,5056151
2017-07-25,651.1257867169237,656.3471214608012,645.0647949132996,652.4416672622314,23163478
2017-07-26,666.0087343246379,669.7340712579545,652.0788482266224,664.1024980175713,17012767
2017-07-27,668.9874385657251,684.4067930814691,667.3264477684121,677.5115761008034,24545366
2017-07-28,666.1265740296553,678.0167996511152,646.0659811094932,657.4566552014917,5356641
2017-07-31,660.0771667255519,665.4822772876139,644.761151720554,655.0633065935473,14187752
2017-08-01,654.0915356288306,664.0630231997277,646.2665863402788,652.39614232519,5555090
2017-08-02,645.9029987099728,647.7370763735256,636.0944673349655,639.6009085400053,6965697
2017-08-03,625.1244391947934,639.4574436329385,619.9782115288693,633.0979260019049,13622903
2017-08-04,623.0677944209651,635.872554103333,613.3545066686612,623.5010239244243,7587874
2017-08-07,643.3254172399198,653.3859448549968,628.0194056301964,640.824411695318,24964932
2017-08-08,657.1961511517238,660.4821590367837,647.126163795182,650.7797316502321,12153815
2017-08-09,669.8165815264845,676.8680005692217,663.3175953477656,664.1684355001892,21741701
2017-08-10,667.8577113461986,676.0112135681503,664.7777848546955,672.3543652392362,5647981
2017-08-11,670.7316169238179,676.6217523372021,654.5248018696609,661.9760534827102,17345532
2017-08-14,650.3480032340337,668.1675443940698,648.5085446122979,657.7607197252805,23564704
2017-08-15,671.0436182178872,681.5476461558312,655.4715510523082,663.5757312589963,19546896
2017-08-16,661.6238136482524,665.1528536584259,645.865287507881,652.4064795387234,5183965
2017-08-17,653.9666894058954,672.5939570504323,646.815868131392,660.3625611942125,6384679
2017-08-18,663.3626399994301,671.4946669273019,651.3975903498821,658.972576604288,2065197
2017-08-21,647.2053731861496,661.6495669903035,643.7937107139217,656.2560859694565,7479366
2017-08-22,662.3543916131628,671.2379852624431,655.7365500637086,664.2390471886235,18065477
2017-08-23,669.9889904737258,678.3614099510527,660.2983982850577,669.6618613402417,18364483
2017-08-24,668.6542839089569,676.436029043002,656.9715025035975,667.0404750150033,22222848
2017-08-25,688.5292569212046,695.5809640340544,666.5354553250896,679.6408342685529,7715278
2017-08-28,673.0996485464442,680.2302799614613,663.6665656250742,669.6392737919488,22819550
2017-08-29,676.4504031519183,679.7760017897003,665.8769874398708,676.8305527906881,20276974
2017-08-30,690.2205327227039,701.569087080665,672.1146644920084,683.8672344042482,7534048
2017-08-31,690.9317912704157,698.7347921993115,676.552172929012,681.7177052452545,7706419
2017-09-01,676.2382841601711,688.4699991857331,671.4660542905698,686.0752416360363,23781154
2017-09-04,683.9888785710734,694.629683247341,670.3797720289032,674.2289837600002,3100100
2017-09-05,676.0855771773516,697.3984130178404,669.0326260894755,684.58541420754,3747844
2017-09-06,690.1620879861996,703.274360917467,681.6535693876928,683.7135727438811,20255075
2017-09-07,674.9011769974508,684.8209788042662,673.4099911579901,679.3782507442787,6596880
2017-09-08,683.4615484746031,693.5579424890095,680.2766503664865,691.0874289133502,16170396
2017-09-11,683.5869674633287,692.2526605789798,678.1704131112654,684.8226140041922,12346887
2017-09-12,674.2811499245672,676.3981064069883,661.8283634675195,671.3816557247071,23809511
2017-09-13,654.3669323426758,669.0229167473684,653.5005201032485,656.7123441302463,19060608
2017-09-14,654.7984183608567,666.645572068728,645.1130246388025,663.6670258821583,11876252
2017-09-15,653.8610541057361,657.6551164408044,641.3877183248459,651.9158453176301,17602595
2017-09-18,678.1423414653162,684.0598752896565,662.281393654818,670.0533910732084,16481330
2017-09-19,647.8556454813006,655.5165991290994,635.5981977796142,650.1334132639054,9606436
2017-09-20,661.9707243739517,678.4007244125064,661.0382689883918,667.6524579213467,18491076
2017-09-21,669.6117145269234,677.2535638377665,663.7058982857313,670.7672315678611,18786228
2017-09-22,661.7115497175315,673.6475795325258,655.4796097253578,670.8003026206287,17754463
2017-09-25,672.7299772574124,676.8181492660225,661.2995315406089,666.3235247495317,18588923
2017-09-26,677.8846149509226,685.1197820564735,664.2255742728466,671.3123167752045,15678515
2017-09-27,673.7142474364849,676.2754559791173,658.9108599741598,671.9403156612278,13297291
2017-09-28,681.0538906711272,692.7024633579207,675.3561355834702,684.0685213577967,6033587
2017-09-29,692.4386575824764,700.5742570441632,681.8796224906604,686.2667172206096,21780742
2017-10-02,689.973447500529,700.0328077502763,680.5208786216992,688.8433237429042,11403024
2017-10-03,692.8283665416884,705.864893690696,682.2694309202262,686.119511056295,24924414
2017-10-04,689.2702585532567,701.9065376185449,675.7925269348186,686.562617770315,13459498
2017-10-05,696.6560372215067,709.8753897876469,679.8512339084347,690.7623395200435,4799888
2017-10-06,676.0718606145157,679.8913937261531,662.6644578092183,674.0786842310528,10291514
2017-10-09,659.7542939615656,663.7729881907699,651.2222857442741,661.4580564259118,17737858
2017-10-10,679.0271188676393,683.6059734502463,667.2079614789086,669.824813856202,3069077
2017-10-11,673.3758282550159,685.5010497551067,669.6747484208119,672.5462997313139,6927653
2017-10-12,673.8167154227764,686.935263848435,663.1507888581859,671.6990594997676,24880753
2017-10-13,667.24988713941,684.5516616086524,661.3735881884178,672.8923389215608,15283761
2017-10-16,679.9634662926826,682.0647823481938,673.1392291617713,677.4099534302505,12974020
2017-10-17,674.3871224112946,687.2012411184712,662.5667027470897,672.9414896618675,22358813
2017-10-18,659.7967755504366,672.1186267872639,648.708680019335,666.0945987765137,21354262
2017-10-19,660.2107583248044,669.8379152279473,659.2005195823291,669.0505126739272,15803510
2017-10-20,662.3024277579142,668.5317007075984,654.7775993064625,660.2353763161948,22587220
2017-10-23,670.5316608236294,671.7891183847028,664.3686968905765,665.2688730576881,21071351
2017-10-24,649.7324571353754,657.0963172163669,640.457749832957,649.2766382321075,3604313
2017-10-25,654.8615087651896,665.1811553195118,650.5116581852272,660.273653875762,17031541
2017-10-26,669.2715522855116,675.961097963138,655.4424175763777,665.9447193544559,14020116
2017-10-27,661.0675700687557,677.9705094399446,651.1269669553668,669.5011611769484,16438163
2017-10-30,679.1868590113863,692.2855639246844,672.2089885146198,680.3741042411583,2509590
2017-10-31,691.3387932690954,707.8733091693109,681.7103411784313,698.3918506468366,3602243
2017-11-01,703.3442096139887,716.6317834213847,691.5173428920496,710.0658552270382,13572116
2017-11-02,685.3477001684204,702.9817725929328,675.0638751710658,691.5238249783399,17628308
2017-11-03,676.979484420634,691.655404236076,663.8997123956542,679.2882413399386,11171342
2017-11-06,664.8657507385793,676.1481468901892,660.4670313825085,673.9406950099573,18535056
2017-11-07,673.1450201925361,682.7147957792314,665.9761714530372,675.2153633601616,23495858
2017-11-08,681.7105048849057,686.0773564325051,669.061987831268,681.4711562592428,3850170
2017-11-09,674.7364326637252,676.3534623331773,663.4428196666836,675.0747608611664,9651922
2017-11-10,675.5944998045491,687.268521175129,663.3987734382472,677.9785959354508,17348529
2017-11-13,678.1437734557231,689.9384872115958,665.7008860352768,671.3135619312964,17727877
2017-11-14,659.0746251983174,668.8907659474814,647.0728742360174,666.1627293565294,3584492
2017-11-15,653.2176128427795,663.9538057470276,649.4037755732213,653.1059955172234,12658864
2017-11-16,636.566078178062,656.1451895096917,624.0828311684612,645.0411169860613,12786420
2017-11-17,624.787439545359,644.5587883218197,615.2520210957165,632.9302964442461,11831876
2017-11-20,625.9989267575405,629.7802211242982,622.6926478576729,624.6147956794282,16968448
2017-11-21,636.6820115067502,648.25377597946,631.3899135831713,635.42352170556,10892812
2017-11-22,634.4421269100949,638.9419662795857,615.6507751182231,627.3276012064442,21278506
2017-11-23,654.172894661038,661.6922341404758,650.1666211754532,653.0390815011534,11239238
2017-11-24,667.9389910628357,669.2479123269666,651.8458553632173,658.8509781565951,24749058
2017-11-27,652.7075490279376,662.879270299334,650.1547298575936,661.6659465372556,10662841
2017-11-28,646.2504851678414,663.7466565347648,640.7018145077501,654.1392537606932,19334104
2017-11-29,652.9372232787515,668.2445586450663,648.3371679800065,661.9919653701019,6371552
2017-11-30,651.0632065586212,661.1268153536555,650.3317563484611,657.2689390791692,16426087
2017-12-01,660.2742182337053,663.3232697742898,649.17968059396,659.4577414092261,21739152
2017-12-04,688.7658166902447,698.2219627091814,680.1853138431535,685.7709415326912,6084396
2017-12-05,676.4621842801357,686.5025153849311,668.8493508413258,685.8114716268245,10736717
2017-12-06,708.0104615789104,719.5594802355125,685.213410823145,698.6629613022862,21692215
2017-12-07,699.4485667088105,701.2012047204958,678.6852257178031,692.3417058917936,11904053
2017-12-08,688.78832922196,696.231280537377,676.5729044428235,693.0168585826726,21904726
2017-12-11,703.4271405123213,718.4051818286797,698.0337838946417,712.4643042758115,13606231
2017-12-12,699.832588395345,714.0510241772133,693.3774016527159,706.832626002766,16389349
2017-12-13,718.9717754976666,732.7407359228083,712.1524444375661,727.1093415479286,22391989
2017-12-14,727.6022202100634,741.1394669832309,713.4905777776031,735.919201216775,19884442
2017-12-15,731.2210828419727,745.3441824170353,722.714337887517,730.8141285121939,14510821
2017-12-18,733.2095727013841,748.5882860111911,731.4262849697816,738.8429373651957,3516660
2017-12-19,747.534714824062,751.8146507275312,738.2310812957693,750.7296765658906,11089580
2017-12-20,770.0018892100809,777.0653800809918,752.6911003501025,758.8579389580509,5917342
2017-12-21,746.2260763337001,759.3784342766219,738.275811834961,742.1225634469321,5449808
2017-12-22,745.0433016489725,750.0557052867138,731.3881684696408,735.1413737185918,12855716
2017-12-25,725.6489676375766,735.5659934516225,718.2954743432178,733.5146679327654,17711426
2017-12-26,731.2014024033941,745.1032598133752,728.4967520031115,733.7959697542234,15693188
2017-12-27,742.9462478918422,752.2436724892759,732.4094251101487,741.7283639646785,4120910
2017-12-28,735.360897618966,753.6336645366098,733.0703742290953,744.8180446010821,6938291
2017-12-29,720.1430291146808,732.491601073859,709.0271289987778,731.0164430561305,23866544
2018-01-01,739.3852838059,742.0984441941158,724.82808026505,735.6240161324636,23509125
2018-01-02,745.9631316973923,755.5326738765633,728.6964621751457,742.8028136142269,22922746
2018-01-03,747.4798287522307,753.1946487675987,743.8291783009893,749.4857040987586,2200073
2018-01-04,761.8490779764331,770.1466756512714,752.6490262134979,762.0858410672479,21843295
2018-01-05,770.1173639360247,780.8410827755158,758.0675036293527,772.0758965698984,19851414
2018-01-08,766.7492903690884,782.8248599852883,754.791080148369,777.8569701782003,12994671
2018-01-09,773.6650190600278,792.2932067749144,771.4419691303519,777.5050010444229,19308304
2018-01-10,751.2514564345977,771.5018019036902,748.1295674580912,758.6004225598282,12207341
2018-01-11,754.7407657685201,775.193363594056,747.5836246146788,763.9442112519648,9899859
2018-01-12,777.2886620238099,779.2178018991149,760.4228914502152,766.7825048740646,14816171
2018-01-15,772.662504115857,774.9932176631152,761.9015622206405,770.3662028928208,17338024
2018-01-16,761.2614020800744,769.1502364293236,746.5799201357717,756.0749633285038,3658027
2018-01-17,740.1456446467556,747.2851426583667,738.2168700555828,744.2682115443226,3800917
2018-01-18,754.0472585648707,771.2892493595085,740.765953773451,756.4721953307425,2278833
2018-01-19,750.5069126826378,759.5121423223084,741.463671386151,756.4772430368221,19645107
2018-01-22,755.4186479159608,772.5111252248851,745.255756280097,764.6642259127859,4135621
2018-01-23,758.0772990372734,771.5088808403559,750.0908513544357,765.4478351857773,7899198
2018-01-24,773.087848483642,783.2526719174462,757.5863175981758,766.2487554752964,5921046
2018-01-25,781.634104725613,784.3320647311851,769.6082544506733,777.4928867077575,8266283
2018-01-26,773.0278556550346,780.1211686375217,758.554419425304,771.9410658586014,9137900
2018-01-29,772.9391717513817,778.3280337614476,765.0163044926018,773.5172241231613,3530732
2018-01-30,778.3583795802261,792.2655258858597,756.7855329419158,768.6176659861374,16861918
2018-01-31,754.2756096947207,765.4226795818437,741.8317936730608,764.0694144425969,10857343
2018-02-01,755.975640743752,774.9567214455121,741.7873766405681,760.9844216411526,17960619
2018-02-02,760.5372982593215,776.8319668488052,756.3470409085271,763.976617390142,10316851
2018-02-05,765.3791132652414,770.471826189087,749.9334612418276,758.9487120721963,3597506
2018-02-06,785.1316540641585,797.691030185859,767.4377496697399,773.6998987121515,11778331
2018-02-07,757.8396210840771,764.9985033296178,753.1594108706694,763.781754964663,22570946
2018-02-08,770.6568650577777,785.5848318273435,756.693530592545,762.0990867326814,4621645
2018-02-09,765.0432621086375,773.4627957118333,749.1509211942863,757.5295666159398,11267985
2018-02-12,768.0290380936477,779.6629439095926,758.3288866790808,774.4260123004693,22801202
2018-02-13,774.8268420717999,783.30511295948,764.8650779914809,777.1739248844367,24767100
2018-02-14,787.5292130613631,791.4550651874152,781.3557141821126,789.6690692985086,23894715
2018-02-15,783.6297836073329,799.1438045573551,764.3582074193819,772.5463545826449,12472521
2018-02-16,768.6746759716216,777.460016012436,765.702605108202,776.1045130362088,7700366
2018-02-19,793.9893362762369,804.6631217810974,784.2665388650714,786.9268728753207,7338578
2018-02-20,784.4487750383422,795.7904288129766,771.3019212499238,788.3703012345692,10100424
2018-02-21,806.9941038764747,822.3507240502212,787.488842475621,801.4432196790568,12412739
2018-02-22,793.7959954600169,800.2202544564192,787.4278604326281,795.7054257965958,7150606
2018-02-23,814.9154346934613,823.9688596712128,801.3972038649165,813.0042301268968,23676210
2018-02-26,849.9242971914256,858.5635804585537,824.9936238777755,841.5272411519715,20961455
2018-02-27,845.0938020526982,857.2246692899644,834.842755291809,837.4520795054076,17938631
2018-02-28,841.5081063040234,843.4370064788194,819.2994724136004,832.3582455585312,23708912
2018-03-01,839.7606901255031,854.9881026162653,837.792570189212,851.0037088083016,17770356
2018-03-02,876.6998225185497,881.1505921952566,866.126144376607,871.6776373487934,7401396
2018-03-05,856.0179023614587,878.3661421902169,851.3016000868204,865.3641630342064,10282270
2018-03-06,858.2561975624982,864.381660045804,844.3762795806074,860.4291623326145,6417327
2018-03-07,858.5582423654844,868.7719461433788,843.9771736560242,857.308584405613,21443694
2018-03-08,838.0813124733261,844.81184348965,829.6201167260825,840.5338350899834,9937115
2018-03-09,829.9437952739637,844.360644411571,815.5789041892746,829.4557847356688,9123056
2018-03-12,829.6368161128245,845.3182160012987,805.854786872062,817.4601026914389,19510658
2018-03-13,799.6877234544518,817.3096402290553,788.5782913315188,808.5359206068099,13602026
2018-03-14,812.8565972599807,819.1106092724926,794.8808345255233,808.6003824988578,15483397
2018-03-15,809.3931479382767,816.3489766532318,796.3606829885786,811.9263345630957,22458462
2018-03-16,822.1445388931548,832.9144429921618,818.0194163355751,831.2968730918657,15452645
2018-03-19,810.9583348997076,824.3459675436636,797.3153567660233,819.346722331149,16817038
2018-03-20,843.1488424384023,854.4727359511517,815.746953086772,831.9358503281815,12290374
2018-03-21,839.2140339155495,848.5618054817683,823.0914572671584,829.7646369721559,2361949
2018-03-22,839.777879572163,855.6805721268988,828.4386152946593,829.6468471980935,24527824
2018-03-23,850.9076978811455,858.1653176688664,827.0487127435835,838.54256326797,10248892
2018-03-26,817.7054072845473,836.6241648204152,803.1947819309221,824.923935778957,18442940
2018-03-27,826.5505600527626,838.6989467059219,818.9771741530685,830.15077443396,21176756
2018-03-28,836.9489414369347,845.9368926835184,830.4072132693593,832.721571341935,11714290
2018-03-29,838.964455146511,844.4821831037615,834.6833653579658,839.372326140353,8654295
2018-03-30,841.4515580235326,851.6516820767151,834.5750488630968,843.5167518952937,8539399
2018-04-02,871.3563288824388,883.7918512336586,859.1452052780066,875.0891639306165,19916180
2018-04-03,869.6829451587585,882.2291721442087,858.8270608759527,867.2430271846207,16383068
2018-04-04,862.8080731949751,879.0911251882602,845.1311298669417,860.8558219007076,2077332
2018-04-05,844.6592199708468,859.5184976200068,838.662108308468,853.3258231433226,4066462
2018-04-06,846.0099141538366,848.2534157298448,840.7450458640767,846.727774088038,6903158
2018-04-09,840.4865198458054,849.2524642597721,837.7437454019628,839.1404099994415,17593882
2018-04-10,856.4122095195672,866.1280050458996,841.7461945029263,854.6101715365868,9647213
2018-04-11,865.7374131716658,877.0009187829636,848.7262547453282,873.3325983251547,11174968
2018-04-12,872.6767991410726,886.1586324910501,858.0336103549433,866.3798277285796,19122400
2018-04-13,843.8885504471613,872.9591301070822,838.3433753084977,856.0826144546922,23656921
2018-04-16,858.892945725673,879.0140492468194,854.6137195115695,862.6498239534533,21671515
2018-04-17,863.2178311344487,867.3138124649834,842.0524016316177,856.0217871688451,24435115
2018-04-18,866.3198259208559,881.5946918093354,851.6694322672347,864.6624516280128,17142186
2018-04-19,861.5951564114812,880.2969689621879,852.7545245934364,867.8131478495053,24868254
2018-04-20,853.5662302791656,861.7801704207272,836.9614622930372,848.6030956616634,6362451
2018-04-23,870.5670219283817,880.3797129139795,865.6391198842496,868.8105230850787,11632843
2018-04-24,900.6699904949303,916.1096387344181,882.9171631770447,892.7359707073138,11159153
2018-04-25,891.3061168657623,900.3284199464205,880.8103335409592,885.0657346931675,24089219
2018-04-26,883.3579880987954,890.5051845905049,872.5535834446008,880.449653644187,8780231
2018-04-27,884.4394794856627,893.9296723340179,879.7419673024488,884.7532747001625,19979419
2018-04-30,879.9318159500912,900.4025604263873,867.8950409890376,889.7228027677835,9744200
2018-05-01,892.6082902575042,903.174308487703,888.856582470819,899.0454642898812,21598721
2018-05-02,924.4447699841165,943.4830122939394,910.778586465212,926.6938706615474,8758672
2018-05-03,927.5451786853542,940.35416208851,915.8899535432885,924.790248316705,13601022
2018-05-04,914.6472408023166,926.5670237337624,899.7033851700058,914.271259860586,17579337
2018-05-07,890.2107554063626,898.4932892238413,880.4495979548551,895.9037436913007,10945160
2018-05-08,873.4913045305182,897.6830258417883,861.3020207375453,886.6186415501096,6635073
2018-05-09,886.6100062678695,889.6346415650289,873.3705828183816,886.7100478597191,4282583
2018-05-10,905.2513065185846,913.3843159112113,903.7782049563347,911.1108612241384,2896317
2018-05-11,910.9501925882716,920.9878680577073,889.2430459458749,904.58350859421,12190866
2018-05-14,895.1927535322758,916.0210466308062,890.6802577644814,908.162782056486,17780970
2018-05-15,910.7959009583559,921.8961304888232,907.3021440952084,908.483959780917,10689097
2018-05-16,937.4774649740494,940.0041741056895,907.0689748119448,925.2235935593723,24482929
2018-05-17,951.4630902648221,969.6773168627077,945.0707053468677,960.8483902117352,16194998
2018-05-18,952.9624341114894,957.8948390353976,938.4824789761902,953.7736331577497,19883547
2018-05-21,935.7317669830486,966.058362034715,917.7369607679881,947.3436808081248,10135397
2018-05-22,966.3797821292732,977.6495620920655,950.8645348226983,962.7497751461864,13340399
2018-05-23,974.6500729127789,988.3549203318316,971.0037699143272,973.1747881859516,2174811
2018-05-24,997.9352035209536,1007.9043201798652,978.1995746855243,1000.7162282173323,16858874
2018-05-25,1010.7296303663744,1013.5597131347491,1001.1626577639706,1010.0818541218005,17571187
2018-05-28,1017.2038180188936,1037.0815536197317,994.7157951909676,1005.2441869157713,8920881
2018-05-29,1005.5080247830858,1021.2875375192122,1002.0835652213017,1014.753618453328,22138560
2018-05-30,1017.4535680533227,1041.5825740194878,998.7283857313267,1032.23838517723,21759618
2018-05-31,1056.9060150700627,1071.0129777537977,1038.1894648237883,1045.561726235124,21235022
2018-06-01,1056.5836352212161,1058.1360193072544,1046.6837094739412,1054.1448579454473,24643635
2018-06-04,1084.2031906749,1101.978619022601,1063.8342071077952,1071.643789447179,15543817
2018-06-05,1094.2560590611836,1106.5062398966238,1088.796279307648,1091.0828010837836,13156500
2018-06-06,1124.727115927867,1131.797292917651,1109.498107727744,1114.3581993166993,16960420
2018-06-07,1123.4948819470019,1128.3140015603196,1101.9209510272647,1125.8702419694891,7533198
2018-06-08,1132.1466690444597,1136.7742844697875,1111.3069659243024,1123.7234650118137,7642957
2018-06-11,1140.8340128724894,1161.3754631935599,1112.8536606213163,1126.8706832720734,19352823
2018-06-12,1150.4242855638615,1166.5698694757434,1131.746270006968,1147.9404994339839,12139272
2018-06-13,1123.6972860077585,1141.0839756190223,1110.8594914970977,1134.5623606012664,21291947
2018-06-14,1133.5996949606147,1144.081662057096,1119.2026268673192,1141.5173409117099,11525030
2018-06-15,1125.2018291882084,1151.501922128283,1111.9405876087517,1135.4672051893774,12656132
2018-06-18,1128.0061093997458,1150.1364934550866,1126.4336411868169,1136.638067568913,6249112
2018-06-19,1152.3854913035993,1169.185047846045,1131.2784292064248,1159.1171062283618,19700663
2018-06-20,1165.0590108649571,1174.2730169871406,1160.2533701061104,1163.1351694729915,9551209
2018-06-21,1167.7175959766835,1173.695692628826,1151.9771500116394,1164.6432303093154,4664056
2018-06-22,1139.0686021537736,1157.2513487565182,1129.786449056721,1141.585807515699,18589401
2018-06-25,1159.0489474313285,1181.5839797412348,1150.1676024138833,1155.0494461969781,23730623
2018-06-26,1152.2778355043638,1171.9887810057387,1137.123996415418,1166.925968054035,18819567
2018-06-27,1190.5839620820973,1220.3735479479756,1176.5088978337233,1205.4914953169775,16346888
2018-06-28,1188.8288964075334,1211.5267323323662,1174.3024191357792,1200.649429543975,19005193
2018-06-29,1205.9703332268543,1217.4114771456918,1189.7920480860266,1205.3166599401127,18472559
2018-07-02,1200.161943945267,1217.604688475151,1197.2636213934372,1210.548644566484,9495001
2018-07-03,1231.8574408651689,1260.5975550285652,1226.621637681877,1239.9187326984934,14491994
2018-07-04,1235.1852593833073,1251.5515842935738,1213.039622629923,1238.8903032018766,22417595
2018-07-05,1256.465297688794,1270.694404307597,1222.4797030992977,1244.8187933237198,5791838
2018-07-06,1238.5854585216086,1265.4515374694806,1223.882855576767,1256.9164995950798,17879826
2018-07-09,1266.840778220165,1272.4837441829031,1238.3292384052666,1261.1889307828899,5951210
2018-07-10,1259.8506895376458,1263.166991201683,1243.174717132032,1253.500087146352,7489189
2018-07-11,1269.1719517449435,1287.6615833901444,1236.1777813070878,1257.9015645438237,21157637
2018-07-12,1295.517767085026,1301.6435598224286,1266.0292089558347,1278.9141513509378,8735068
2018-07-13,1241.8504929321011,1277.7693762241156,1217.1838388736237,1259.9891256968226,17904558
2018-07-16,1250.1374068821626,1273.891261413628,1232.6546485671454,1263.2582243243285,23385132
2018-07-17,1265.2397872542467,1276.5000686357475,1241.8276105442644,1250.7496785965347,12840565
2018-07-18,1272.335369351295,1286.5508153827602,1258.589999376378,1273.920691209227,4878596
2018-07-19,1247.9923357319083,1257.9593786662451,1243.8189008868317,1245.5787539052078,21391309
2018-07-20,1241.927861850859,1245.544082022969,1231.6912326000095,1235.8833834867269,19389620
2018-07-23,1250.298474140624,1258.9042840270117,1227.2297957796043,1243.6177618435106,10507841
2018-07-24,1290.0631529703574,1307.6221417230677,1249.196955697788,1273.5676348408463,18605227
2018-07-25,1292.0553413915593,1309.6917722834785,1268.0685798832092,1273.0757143544774,10402477
2018-07-26,1271.580728390557,1279.7674980675304,1259.8436462457662,1263.237394272277,15042322
2018-07-27,1291.3444776487074,1312.3015892189026,1285.6521284970129,1299.6405560280955,19363671
2018-07-30,1286.6854141400365,1292.7013083612633,1249.8407996048822,1272.1918765016117,18440147
2018-07-31,1214.3484327489696,1237.1470163423796,1213.085981004301,1230.9956454872813,3292334
2018-08-01,1229.8564255559013,1241.6418677301938,1211.3017049068403,1239.8590809540808,22097843
2018-08-02,1245.9444729493036,1268.4190491646373,1223.5826188438855,1231.265849064729,18397335
2018-08-03,1204.270232017271,1219.2133465616132,1200.9616954298128,1213.1434721990097,12737296
2018-08-06,1216.4805931301673,1233.2916556042937,1197.5984484796131,1226.7614282827985,23392959
2018-08-07,1218.6090519049249,1239.7605726693519,1215.266300694618,1231.9837648174032,10811638
2018-08-08,1235.4671767479936,1239.6934052467582,1205.0402419584493,1222.2989193490725,12611422
2018-08-09,1199.5606750160557,1215.3300933886449,1197.821439171106,1199.5585784566824,12922161
2018-08-10,1222.3567508483675,1225.3242860250266,1198.1553406812156,1215.976768690894,17281146
2018-08-13,1218.9485741831302,1232.9270171683793,1216.6511982435775,1228.5657976627065,9305023
2018-08-14,1236.9774231386257,1253.3678413317298,1204.174540475393,1227.4752760284089,21998619
2018-08-15,1272.0577457926395,1281.539094079691,1253.9778194572873,1262.2122800407442,16437434
2018-08-16,1235.7229090004532,1260.6679011566005,1223.5017472665595,1242.7094954176475,21454852
2018-08-17,1211.7626846827627,1229.1017148324788,1198.5298295776367,1215.0183518837962,10278453
2018-08-20,1192.658675505885,1210.1928280969494,1173.869998219413,1203.1371478540932,12409387
2018-08-21,1220.235943528639,1236.5452889787305,1195.103900071673,1203.0363366973058,19384828
2018-08-22,1213.426641266103,1217.320769952932,1188.366365368386,1208.149351494631,15001189
2018-08-23,1220.204779066185,1233.8610635917755,1193.0645404533166,1204.502503302684,7908187
2018-08-24,1204.439519343062,1222.8607726603425,1186.1460846995858,1211.585978900706,11911480
2018-08-27,1199.6275661000275,1206.9328158155054,1187.3751123918346,1189.5677162121874,8639150
2018-08-28,1225.7421619098757,1241.0346375147235,1192.383946072072,1216.043293284146,2866763
2018-08-29,1222.2618548005732,1243.7190750971274,1195.5807086065433,1215.2744284173216,13698040
2018-08-30,1253.6419833626576,1278.6887338570443,1217.3356206018655,1236.3709088709668,10539032
2018-08-31,1239.4979476899912,1259.0711812852426,1224.459476920821,1243.468766136201,16878251
2018-09-03,1238.8558314245806,1263.619746126503,1219.5567799245907,1252.7342228236312,6762347
2018-09-04,1270.7045588030348,1277.4125254513092,1250.7105561919245,1264.1923679222057,24910824
2018-09-05,1282.2011027004896,1289.7466327003156,1269.0815444379637,1273.440729512369,7865522
2018-09-06,1289.3787559793266,1302.4139169375278,1278.1572738424088,1286.4818340530753,21208500
2018-09-07,1301.355094692104,1323.3773823073714,1289.6679858821067,1312.902681924023,2824353
2018-09-10,1317.7367502927193,1341.9336596518797,1293.4374832394085,1317.5606210945161,23423739
2018-09-11,1324.8565427999947,1343.0192176748596,1315.8287716675657,1332.363488935273,22397036
2018-09-12,1328.4724330270292,1342.1475301095923,1306.1034433606997,1331.3694985877958,9124556
2018-09-13,1366.85720414782,1378.1845626678023,1354.0432795696934,1360.9282423125578,9657351
2018-09-14,1357.8529990366872,1380.7949900080698,1327.3823931661518,1347.9369784566163,9655628
2018-09-17,1374.0317119135902,1403.671674139119,1357.4388030597154,1385.1590537264624,2308293
2018-09-18,1381.2215982303428,1402.7045987280706,1362.7946295123118,1385.1557719249865,9093727
2018-09-19,1346.8668674421358,1366.2259349150465,1341.9069822257961,1356.2591695227609,16031723
2018-09-20,1347.3861382540235,1382.1684024724022,1323.6779962302658,1359.679066835161,16504070
2018-09-21,1358.0530159065922,1360.4009719172016,1334.1449061384362,1346.6046990437324,17330393
2018-09-24,1381.1443240368083,1405.3767032281246,1340.7877516801461,1364.3928801624938,13822670
2018-09-25,1346.5921652354884,1366.3769448486114,1337.6927004002764,1351.854983228839,21373495
2018-09-26,1353.747156847236,1365.344376344125,1339.8516114601482,1343.618466754393,12796329
2018-09-27,1321.900662845127,1335.7094729085588,1291.0026452948225,1306.3423105377005,12702949
2018-09-28,1311.7439215398708,1329.6897525024729,1284.3376218025644,1298.2631126916435,17052399
2018-10-01,1239.9275711937003,1253.395038398085,1236.9778255269096,1251.839573768585,20005607
2018-10-02,1239.5880732915584,1261.3546018087445,1210.4965982359784,1222.8487939811978,14563983
2018-10-03,1232.9520851292623,1249.2723387205167,1219.7155681337576,1237.5305854354617,17152735
2018-10-04,1246.8176119650036,1262.2768304819363,1235.5816070302128,1252.8598797422796,6035876
2018-10-05,1245.045982986409,1266.1826038480974,1236.449394904337,1261.6071763155253,19824913
2018-10-08,1243.5489538169647,1255.6967911399145,1221.2033542167535,1244.0649799988487,17260673
2018-10-09,1229.3303924287552,1256.895340438147,1223.9226909988015,1243.9210785769808,13910262
2018-10-10,1235.2111903431353,1255.3900087916622,1220.7278395201308,1244.6002121094596,16789462
2018-10-11,1217.0011209141037,1240.724507099613,1194.334014631014,1223.721458168688,20146909
2018-10-12,1263.6517991236697,1275.0209173832118,1245.7132535576357,1252.0518024742917,24596798
2018-10-15,1283.5785926646276,1308.3092166664637,1252.9856178223663,1269.2805791158498,19196034
2018-10-16,1258.3338119998932,1281.5141441610606,1235.5667562012682,1265.8351644454838,11685933
2018-10-17,1280.7404083722442,1301.670371580726,1257.0212870761652,1267.1051611505245,4465254
2018-10-18,1285.4561367745307,1289.4124650294525,1267.6576528308378,1271.8260682188957,15942382
2018-10-19,1243.4326949867698,1254.062222360324,1229.7735916287486,1233.6381894090246,3034416
2018-10-22,1216.769582702722,1238.9051442124442,1214.5740509943134,1229.8044604431363,16046464
2018-10-23,1224.9159124066225,1239.394621061242,1213.6823082682665,1217.9617340673076,20156392
2018-10-24,1216.4196081255523,1237.5380597755477,1176.4344476440997,1200.393488445826,20636309
2018-10-25,1202.6020986869776,1205.5946851823362,1180.7721927418793,1196.0522601211858,6127196
2018-10-26,1222.8134000979624,1231.9455429411107,1217.3747039659281,1229.021796978675,12770829
2018-10-29,1241.594935683526,1262.8957836624488,1225.3817600905693,1241.5733577308924,19569263
2018-10-30,1237.0654950460187,1243.3054409851213,1221.1246748755373,1231.6808925023815,14357851
2018-10-31,1243.3926601681464,1260.4349877011973,1232.4578902554836,1242.9984901054668,2514004
2018-11-01,1255.357325202354,1284.203024743652,1238.9566852951848,1269.835239621489,7704415
2018-11-02,1280.946102889117,1309.8832178958423,1277.3402455253345,1288.2091272798166,21771893
2018-11-05,1301.8382432810497,1306.2341465304025,1276.6670234063322,1290.134298558098,18796408
2018-11-06,1292.2498332498542,1296.7286113835644,1264.110396240883,1278.3888492484837,20663554
2018-11-07,1278.4807162890095,1307.511982792522,1277.1418416364065,1292.5448960341669,20054256
2018-11-08,1318.6053539019251,1343.634058479427,1287.128759069015,1300.949385870651,7554973
2018-11-09,1312.424460755033,1330.9199982259067,1290.6245219020855,1319.1989715496331,19400737
2018-11-12,1339.0480410163616,1348.7051214559426,1318.8982883366932,1332.5592607456058,17780883
2018-11-13,1364.569352557187,1381.6634453919746,1348.1975278347045,1354.3376641586453,13897046
2018-11-14,1356.8571924503551,1382.2012812840485,1337.2333829614847,1344.2769286641344,2904600
2018-11-15,1389.9899772468339,1413.4830719114066,1364.7661488137123,1371.6476315472019,10083365
2018-11-16,1368.8104852762706,1403.9487765931838,1359.8481327786103,1376.5361755726951,19063318
2018-11-19,1435.4868291693763,1437.537857173406,1398.6677506564258,1420.2121722518273,7743809
2018-11-20,1390.8427338687673,1410.8045005096021,1385.8073235401127,1406.382405631901,6157752
2018-11-21,1452.729104361673,1471.0042730682799,1439.4806449705663,1443.847669319062,15733966
2018-11-22,1459.5190471579347,1483.7338581193715,1425.3654867054238,1449.0002732721882,7233643
2018-11-23,1443.365877363435,1452.631770298333,1410.555513952995,1435.711100457375,23402274
2018-11-26,1415.5546201921356,1434.0597496938465,1413.4829480828987,1426.1517231680614,12491593
2018-11-27,1436.0478228459156,1458.9564334521035,1415.1812958756582,1420.1544562180584,19817613
2018-11-28,1415.8358744711695,1433.0042487896062,1411.547996832037,1430.0422662761687,13950938
2018-11-29,1422.8041395001653,1453.678715771235,1418.309716504939,1442.1154443289329,20073845
2018-11-30,1439.9035596457097,1455.1814767074893,1416.6826808129515,1430.5705890541594,21892221
2018-12-03,1429.8535583368675,1447.5715459722908,1418.817423812578,1430.9063169566373,11536525
2018-12-04,1493.2220263425015,1515.3869481849936,1463.5030143205097,1477.7456835783114,5872866
2018-12-05,1511.6190378720817,1528.6695134491713,1482.8573424682645,1516.925372930631,4991539
2018-12-06,1512.5598280508366,1547.0760482043538,1503.7333738430784,1527.7635848344707,24438144
2018-12-07,1544.9893141871996,1563.7178801883838,1513.6458176191647,1529.551147936008,13743265
2018-12-10,1535.4724702839158,1552.9840822441226,1521.4268976131266,1533.2227894283228,13276265
2018-12-11,1533.8165163103206,1568.641840570491,1517.7883734420172,1548.2526191646919,3852675
2018-12-12,1535.5138523696407,1544.6187343490665,1509.1741193778867,1525.4284517172316,19829279
2018-12-13,1520.9614998651296,1524.9286637740565,1495.0082282488236,1520.4545663934114,9571592
2018-12-14,1487.9536051666084,1492.813502345485,1461.5004773310145,1483.31174501517,8648561
2018-12-17,1491.3328549217308,1500.9484898150743,1466.0073403564832,1493.0843172618097,4602562
2018-12-18,1523.350417402682,1539.351325763474,1483.9134370448194,1508.474939468652,12046579
2018-12-19,1513.261871323828,1538.9395226143563,1496.1791102334098,1498.4469043902966,8399177
2018-12-20,1544.3646279739262,1566.4869925976436,1508.4942770371565,1534.7240064279797,11783545
2018-12-21,1489.5818064697555,1531.533083678079,1467.4110765166035,1507.4266609928645,11714109
2018-12-24,1490.216066207563,1501.6438430325863,1462.2688987127444,1475.2195509477126,9117753
2018-12-25,1488.6698914720514,1501.6040823551336,1468.6206329138392,1481.0714183430628,9872789
2018-12-26,1514.1194277812135,1526.9590936559293,1479.5215633655607,1505.2224717169845,19084527
2018-12-27,1537.7986577042907,1551.3193617221918,1530.233658797616,1544.145892228948,22135754
2018-12-28,1551.9031088304994,1555.260056058949,1526.646884732153,1534.4436160215216,3854936
2018-12-31,1570.7405943655428,1589.9466769623928,1536.0230299140912,1560.1919059698857,22130537
2019-01-01,1542.0934098358105,1591.111684345259,1519.7093992960467,1560.2268120770732,12787503
2019-01-02,1552.8148540507814,1563.6157175870405,1549.4324652874589,1557.1228820363574,8701447
2019-01-03,1596.995984029807,1600.009533941828,1571.888939510721,1578.6966623945686,5474376
2019-01-04,1573.4233032390746,1620.3113289248454,1562.8155093165747,1595.0911796563287,15052046
2019-01-07,1579.9020892141202,1589.0641533370156,1529.5990628905208,1558.3308959848475,23042207
2019-01-08,1602.346342604003,1629.2068465728626,1574.5701691719373,1593.7799712146305,21294388
2019-01-09,1634.145005874115,1657.6355080688254,1612.4725279726454,1627.7296685776596,14429890
2019-01-10,1602.3269865735392,1644.0358642408619,1575.9860359642416,1613.4326018467664,23659139
2019-01-11,1611.7409852406975,1638.221377010131,1593.2322434439889,1623.9796962794853,4878237
2019-01-14,1658.6978357433659,1681.2186844395683,1622.9423154417018,1636.9885089753382,7853452
2019-01-15,1634.4200506498357,1660.5393580948003,1611.897998828659,1644.3715014693992,23056747
2019-01-16,1645.271491144651,1666.6290651558718,1623.3611818875677,1631.7845326888537,6762152
2019-01-17,1611.1419385837899,1631.7480147374015,1604.6466876087402,1616.3244340545614,16160146
2019-01-18,1599.1784094531868,1624.0855308818857,1577.0275175197808,1616.6746736749985,6308783
2019-01-21,1621.9213938176931,1663.6143710935492,1615.3274495793814,1646.0834980470086,13591765
2019-01-22,1662.697987176046,1681.0593270311008,1630.551226189965,1660.4933168060422,2920638
2019-01-23,1675.8418624337328,1703.3281376886875,1645.5121586270377,1652.258573473003,20592147
2019-01-24,1665.8100126253423,1697.4192623670954,1637.3284231444259,1672.3756157791886,4664639
2019-01-25,1595.0585425600511,1623.7269643476473,1565.6705713062456,1601.9215428599139,6795684
2019-01-28,1622.8599897422293,1635.6293155774445,1610.1915108464757,1630.486183632499,19164285
2019-01-29,1589.8950589681378,1613.2533353459316,1571.38497630306,1588.915786146087,20632337
2019-01-30,1578.416138177885,1597.8429050906273,1574.075369746768,1581.2308136176582,2718954
2019-01-31,1573.3528185967614,1601.654117894893,1535.2449717749491,1555.6227040288854,24640486
2019-02-01,1526.5983382541435,1554.8061319419853,1504.1462063468593,1526.345539179547,16944877
2019-02-04,1554.2003212066413,1557.3832849536168,1537.54507869207,1553.8386883331846,10863441
2019-02-05,1527.1207907574765,1569.4861921949437,1509.8077880376509,1543.8700082285097,17078997
2019-02-06,1575.308922825,1578.0125474223257,1531.9261356998743,1552.8206844945291,14398586
2019-02-07,1541.0132793248729,1565.043846371607,1530.5052402588694,1552.6594882240452,6110891
2019-02-08,1544.6745792969496,1582.3882269285543,1536.0733289797793,1564.701313416853,8895481
2019-02-11,1575.1148581906327,1581.1222126489456,1561.4973944908857,1567.4431839125202,15655894
2019-02-12,1542.6192176974066,1566.0361194794436,1535.886873256547,1538.2183885706106,22438848
2019-02-13,1558.1518570653584,1563.938558488305,1534.8831459024666,1562.1284587276982,2227894
2019-02-14,1547.874514354327,1558.0175981694194,1537.9770582446279,1551.4960676493283,3061449
2019-02-15,1529.1679352509784,1547.5716850792692,1497.2351984407173,1516.201504868747,12611572
2019-02-18,1493.6143419434004,1529.3421111458263,1482.9567426401047,1507.3745930019636,4965632
2019-02-19,1557.029081987427,1585.7036704746693,1525.3151128805525,1542.2121254367814,12899686
2019-02-20,1569.7796724234524,1592.3914638561018,1561.058083935546,1562.8057869120048,23974512
2019-02-21,1551.788890296328,1576.980905329696,1542.2440549826351,1555.5703367850747,14596360
2019-02-22,1546.4046580130102,1561.5036254177603,1543.4623675432117,1548.3542551161747,16170974
2019-02-25,1530.557056274055,1543.3926323999294,1524.2273173274893,1541.8131926670403,13083206
2019-02-26,1602.7993018435416,1608.0613334896032,1586.2420978629173,1590.7676421661222,10888208
2019-02-27,1601.4539715318176,1619.3206509786482,1593.5902224970887,1600.8356611335123,13995490
2019-02-28,1603.4584196442734,1634.4141253348982,1585.377860148986,1612.1225525991333,8989823
2019-03-01,1642.7238881475203,1657.3959051281029,1613.08007378439,1638.0039740079096,14648382
2019-03-04,1669.316161780077,1694.160429319196,1623.5300921501912,1644.8538402638458,3593603
2019-03-05,1636.2654289317488,1657.3446752614593,1604.1692454628446,1639.4494555428535,20146122
2019-03-06,1656.2470833753605,1660.237558503306,1619.176316083351,1635.604540418505,4123699
2019-03-07,1627.2281029465246,1642.428424026222,1610.2985815656289,1634.829232967796,3920831
2019-03-08,1613.058360970728,1662.6251543751903,1596.8951271753865,1634.8973505021359,17835527
2019-03-11,1639.049240534916,1678.153288276768,1636.601473375625,1653.7222831080246,21581159
2019-03-12,1651.9638447250406,1685.811924067049,1647.5326599674481,1656.0030775110192,19720196
2019-03-13,1661.105503578345,1680.6123842922375,1632.9872112423568,1675.1954926961796,19574334
2019-03-14,1649.0711867190334,1707.344802523141,1627.6477201987122,1674.1723692240412,14731520
2019-03-15,1698.0322204493652,1706.486260271657,1657.1183104315749,1677.151605588714,24316302
2019-03-18,1644.6825356033994,1646.6953271182067,1606.4820831803327,1627.8886142567947,9633829
2019-03-19,1663.2430208960552,1696.4264420199381,1643.2673966788818,1651.2405382539973,22468905
2019-03-20,1644.262381512348,1671.3435469617118,1627.7485869962154,1660.813319838559,12627199
2019-03-21,1667.4627663464369,1709.7669774588219,1652.2386587447502,1686.672435087289,13553965
2019-03-22,1593.4670443060124,1621.4428484039552,1587.4234343171674,1614.4089268777523,11033652
2019-03-25,1677.1465760904946,1697.3131602930132,1658.1410181719543,1665.9499337248344,7200444
2019-03-26,1684.8604266736859,1715.4855697874693,1634.3706846240154,1663.4612637084626,6659710
2019-03-27,1688.5843960263692,1704.096596097582,1677.717303614648,1692.1106282979406,12772967
2019-03-28,1647.6876510660084,1689.6236210121408,1628.3656899606658,1666.7313565991324,6934210
2019-03-29,1683.6770702495048,1691.3717576334266,1658.8125862695704,1683.0513376441943,6703157
2019-04-01,1649.9501981492072,1678.80032417672,1618.5192368919393,1657.4668813563612,15771801
2019-04-02,1636.7835117841316,1655.098840351782,1619.2007604319015,1642.9532155756044,19200210
2019-04-03,1697.2644461398797,1705.7727596786358,1668.7073289443683,1691.1089470181694,5510251
2019-04-04,1698.3578462008356,1710.1622127159706,1661.6040260923137,1687.2866416768334,10139115
2019-04-05,1674.0152742858913,1701.2513956127675,1662.6298994334118,1693.8020873975029,6875630
2019-04-08,1693.0035154891539,1748.0630412946145,1683.8955330303845,1716.9242067262087,11184315
2019-04-09,1756.386506235217,1771.3975528054907,1704.155263645208,1730.720084734683,7288486
2019-04-10,1721.7467025112662,1745.4879000598285,1688.9293517209965,1735.663512089361,18778874
2019-04-11,1722.8335294582475,1762.8301016253486,1716.159791473371,1746.2066526263573,4322723
2019-04-12,1793.3655827599582,1823.0419893141604,1757.8376387894498,1810.2072808774672,11844648
2019-04-15,1784.6980368052725,1837.1353479997867,1780.7808698043466,1809.7288757574097,18146293
2019-04-16,1810.3787034452566,1851.6060312017673,1795.7594927969799,1816.2737343587748,9489305
2019-04-17,1862.7345370271096,1880.1001395576452,1820.356258873249,1845.9876383497483,20627223
2019-04-18,1868.7641465992667,1910.3033471068136,1840.1404361938503,1877.7070390244908,24271871
2019-04-19,1909.0650036280324,1934.738903077133,1871.2103591266246,1912.267090652197,11751001
2019-04-22,1941.911410313983,1949.654738635238,1901.7435795276758,1931.7357926574591,4604878
2019-04-23,1900.2819835972687,1927.1174467114206,1866.750983094009,1899.7750816164817,9169157
2019-04-24,1968.5792892048664,1989.75186232477,1931.1642311401026,1947.4622345043354,4719771
2019-04-25,1936.1740744570998,1962.0443107084313,1882.9010876146353,1915.143746436009,13021212
2019-04-26,1896.6842273369043,1959.4517677576223,1877.8007764143183,1924.9866889644047,15408660
2019-04-29,1920.2471419916058,1938.2365104187922,1887.6269859038528,1904.3621164113647,24744016
2019-04-30,1901.4300830466075,1938.1716624447129,1874.1688849592185,1903.6725941192972,14908024
2019-05-01,1942.2748331377325,1971.919213125526,1877.1938917222174,1914.202637532839,7907287
2019-05-02,1923.6101660684667,1944.3696901871801,1886.4995396731217,1924.5783015564352,24223291
2019-05-03,1966.2202059202434,1990.7217096101554,1900.125192721554,1937.9133414660325,24496483
2019-05-06,2001.1517031995515,2015.5320624222818,1974.1548004849644,1985.9845784346548,3707806
2019-05-07,1985.5979640570558,2040.0770714649266,1957.883353802078,2000.6868511106843,13044142
2019-05-08,1996.857481426452,2024.1738369987193,1984.8459499162832,1994.5600486737894,21191841
2019-05-09,2054.4920762049355,2058.2581454905367,2000.7163615475054,2024.6007309425986,22587521
2019-05-10,2084.0547178138713,2099.0720330803797,2038.4467935829168,2061.938533700836,24004073
2019-05-13,2000.7444583717795,2051.2165992400874,1980.226362674904,2025.2069189465078,24365378
2019-05-14,2057.228183758071,2061.4873296704977,2031.3775366785874,2044.5699244204616,16746205
2019-05-15,2057.723614364724,2070.3060577687943,2027.2622148840996,2067.300616886398,16833479
2019-05-16,2028.855353586176,2078.9810932905725,1992.965226270012,2059.313699045645,22629126
2019-05-17,2096.9549511456403,2118.441092610327,2077.1703685835887,2103.044465562918,18230649
2019-05-20,2082.8656175066626,2119.1568173046053,2054.14826369031,2099.5726886647226,22348249
2019-05-21,2124.9218452500068,2137.6526193977925,2080.3871916749063,2104.7872856586446,2161101
2019-05-22,2090.3349361896353,2109.2606253369613,2074.2226082853595,2100.5859674011635,4700463
2019-05-23,2122.994153242885,2152.9150464308213,2080.028011570503,2102.337195912631,16076028
2019-05-24,2038.0292019072463,2091.3251013615727,2021.2873983780453,2069.027499848197,19615610
2019-05-27,2013.89803368945,2035.3050446029024,1994.4433759852789,2025.5763431890819,24631985
2019-05-28,2059.1242471453156,2089.915065332088,2046.8850825030806,2075.238565022451,2469596
2019-05-29,2033.7324468630786,2075.2213805116144,2020.3358358183261,2050.1190053647606,3133435
2019-05-30,1994.6829348705069,2025.6561996477888,1975.0345259353453,2020.8619923070755,13580293
2019-05-31,1938.4318990381337,1964.2379268897048,1924.6673992251392,1956.7989459745863,14403632
2019-06-03,1942.4499123843202,1947.0956047250422,1932.6202970341014,1939.2182302262177,6058518
2019-06-04,1889.9910812041683,1933.15116761982,1867.7140482731102,1901.8953634503225,23801691
2019-06-05,1945.0485065836508,1979.7055519841865,1921.4015762182132,1949.88061596507,14883789
2019-06-06,1973.2696142913628,2010.9144899929622,1962.4574125737172,1980.5858858573413,21444045
2019-06-07,1983.4483340739625,2012.4268742823135,1943.812549388924,1961.3301244737527,15426266
2019-06-10,2053.441271290899,2081.611042014111,1990.935082788568,2028.7734755254132,22372411
2019-06-11,2059.4322051564804,2080.595565898389,2053.151201152055,2059.8674362986512,23950818
2019-06-12,2040.6158686219017,2078.1475315062203,2000.9970645007827,2051.066712922772,4114732
2019-06-13,1952.0988508227629,1978.8158449815876,1940.8148034777303,1975.4006349925335,14960956
2019-06-14,2072.2778580100326,2098.819228157683,2033.0547285277196,2044.4688165629366,24279169
2019-06-17,1976.6543969450959,2034.6894110480755,1972.916762138687,2003.0814342030853,2223080
2019-06-18,1942.9783959149488,1975.3844533904519,1906.1172857306753,1954.8452678352514,17473580
2019-06-19,1973.9714475795654,2001.4791083625057,1956.8774082561047,1986.0026795465872,5549551
2019-06-20,2048.7760785161204,2072.7922994251135,2024.4549979496664,2059.874603400616,8898199
2019-06-21,2082.6929289381665,2131.6810495020572,2054.122601785441,2103.88195450807,24394780
2019-06-24,2140.9743010338625,2171.2973970127464,2084.124529110232,2122.9402570056855,5099586
2019-06-25,2118.8820900100077,2180.762320575078,2099.1562052136032,2143.1534401841413,4473836
2019-06-26,2180.664348946565,2197.0288121474996,2148.2047617513604,2171.874339608852,9285315
2019-06-27,2173.0994408745655,2232.245625805728,2133.954389513504,2197.9019271589186,21541697
2019-06-28,2180.037088777967,2234.254864915165,2161.806093999628,2208.4911359048565,18709203
2019-07-01,2240.453457070652,2280.275037811511,2200.035250477514,2213.2681388028377,4567604
2019-07-02,2191.9501979428314,2236.918669826539,2180.066074637539,2212.518069050799,5535054
2019-07-03,2209.9179692532357,2233.8623569472534,2182.6990467591136,2188.8231757478497,9045663
2019-07-04,2183.8413404101575,2210.003027092966,2154.270268384286,2180.9212479567864,15143868
2019-07-05,2099.911684107534,2159.253464282969,2095.9394546354356,2126.8467183862813,11186985
2019-07-08,2154.020151178704,2195.655463219771,2117.4272904386175,2124.985526729277,20920894
2019-07-09,2078.8478028858226,2099.771979555809,2048.982097978137,2094.74939112708,13057765
2019-07-10,2083.5705282245144,2087.769459244596,2026.3418565589673,2061.330095007375,13986978
2019-07-11,2047.5809004321038,2107.0378702516564,2023.567687646947,2068.129211479706,24776626
2019-07-12,2134.9843875859415,2158.613619542558,2086.433255707236,2112.5526978691314,5360966
2019-07-15,2111.6267598251816,2170.0991056631897,2092.492606163099,2142.920112840476,8801196
2019-07-16,2094.46395568846,2115.756377697506,2075.057070265079,2093.724004947197,9577676
2019-07-17,2080.58319369983,2086.3661572088668,2052.0321805014205,2063.900116567538,5498352
2019-07-18,2121.58061226584,2154.663900019173,2072.667089173246,2094.2633231057625,20307904
2019-07-19,2090.0019216424944,2121.764241502679,2027.474981304948,2064.65607139411,11421148
2019-07-22,2078.6806458878345,2093.070028104997,2051.3354563086464,2058.9380120822802,5281401
2019-07-23,2101.3513030721538,2115.6794628784637,2047.8431866944954,2077.161222519139,24819458
2019-07-24,2029.754330287293,2082.890489540661,2026.6176529765798,2048.2364059773877,9868653
2019-07-25,2039.4126916571665,2057.5775909419826,2003.191380452174,2052.7028570407706,13654720
2019-07-26,2000.1158107725948,2048.569238655855,1996.5291476423415,2012.8591095832378,17746479
2019-07-29,1988.5481220246018,2007.6389078044297,1952.2158053796172,1995.9097999439507,11226377
2019-07-30,2000.2590421622713,2031.2965608328718,1969.034371674928,2006.6811842669188,20894563
2019-07-31,1962.5555018903399,1999.4199273812383,1922.4716001747518,1959.9357347014823,13955400
2019-08-01,1953.91868366137,2001.4697414934906,1941.0172512630934,1974.0612288297311,6807821
2019-08-02,1985.9936103563489,2003.6176481972188,1967.0729234251448,1974.6641723048183,16531171
2019-08-05,1972.3453477185155,2020.3062067772607,1949.1650642613242,1992.213702586389,24192022
2019-08-06,1988.718241027233,2015.1722849230991,1984.0286831755218,2000.1003028992366,14422754
2019-08-07,2042.4315738327725,2055.2333509361915,2024.2870609990139,2042.226628388793,13847478
2019-08-08,2065.4949928503397,2106.674729923793,2030.8485713582259,2047.2880165733409,20615209
2019-08-09,2049.9516019319094,2081.244142639156,2027.316472745234,2035.3296371043461,22771170
2019-08-12,2049.1925159310827,2076.3436601449334,2010.9844601571072,2040.2845708735906,18820801
2019-08-13,2036.8820172720095,2074.0875699522894,2009.854728991624,2058.135980406549,24235982
2019-08-14,2063.787915354664,2067.7793962472797,2055.135779688099,2060.8792720259307,23273928
2019-08-15,2037.8330952155939,2066.6515438972237,2031.960684677652,2063.3706182144247,8717998
2019-08-16,2035.3656299351599,2066.434894009633,2032.420807473612,2042.8816052425852,16502736
2019-08-19,2018.5431712604488,2055.1194532224854,2012.7598997646926,2023.7939128472817,12413949
2019-08-20,1955.0606886667242,2004.6528685680514,1920.6908560425907,1982.4294290270543,12089617
2019-08-21,2021.8426726920923,2070.199977912512,2013.0491965708977,2035.645073044997,17553687
2019-08-22,2026.2092324724285,2029.5222955541985,1974.4729727334325,1998.8854990888328,2927510
2019-08-23,2006.2456347202124,2022.2319806496605,1976.9840165829905,1979.3092581065234,14916875
2019-08-26,1950.4881099009272,1969.9515108933276,1928.9807374065701,1959.1675913839058,19215508
2019-08-27,1959.4117895594825,2005.5121970918726,1940.8422198095204,1986.642694479471,20025725
2019-08-28,1959.9927163170912,1983.7458180628782,1940.5216065193752,1979.0452857418898,9043135
2019-08-29,2010.750000557633,2055.8601887618984,1982.8267224728522,2017.2727839145364,13977945
2019-08-30,2024.945244255978,2035.559708790581,1960.9899910141878,1998.1039329872535,17469639
2019-09-02,1986.0541262632514,2044.8543602718764,1980.1304683528035,2007.6646853393438,19533917
2019-09-03,1999.3950252873672,2017.5734647668557,1974.29186370149,1983.7128324680689,18048289
2019-09-04,2024.6823027244552,2089.1446404532985,1989.5561073337165,2048.7334579523763,14306165
2019-09-05,2042.5364906611546,2066.081032009126,2002.9132191816677,2013.466608791991,3361349
2019-09-06,2016.8435341342833,2061.8525981611356,2000.4891246854875,2024.0318935785813,9760854
2019-09-09,2061.369494057208,2063.6403621515133,2019.4916227469778,2044.4880820210183,20389996
2019-09-10,2048.6845461954053,2089.7266794592756,2017.5986301201158,2058.404884716591,18838546
2019-09-11,2061.785618184869,2099.223443935179,2046.3910447995747,2053.9189723157474,13279743
2019-09-12,2032.2000537327567,2058.648030938531,2018.5915824031495,2051.15170572641,8275178
2019-09-13,2031.9210350363205,2059.5350017534047,2012.4289349673995,2053.7303563820506,19140332
2019-09-16,2077.380706432151,2096.2160670488893,2033.1730979114259,2050.4340574979797,3430343
2019-09-17,2107.387478589641,2146.879707548579,2043.2848808685237,2081.3098764582887,18237708
2019-09-18,2176.5804139426536,2201.1874056668244,2127.9127674360966,2151.570412714418,4472512
2019-09-19,2142.9026324658307,2166.5210041460846,2100.028700933384,2134.869112512734,22956293
2019-09-20,2111.634329531756,2119.4080922289813,2058.7230492634103,2092.2847829102725,8618991
2019-09-23,2063.7381533277135,2092.891618498809,2048.393796401605,2090.7694859844764,7890714
2019-09-24,2162.157867587941,2208.5476784451303,2156.350023739634,2172.9276111642203,14445774
2019-09-25,2136.03129338793,2153.7586580558323,2109.696965863157,2148.03646784394,2587699
2019-09-26,2211.099823517751,2239.9395225657745,2166.7881201196647,2202.1385298218925,2764797
2019-09-27,2249.1165435553658,2300.3907633002245,2231.8572545975353,2258.877757002655,13607521
2019-09-30,2217.8398552960216,2252.603312843506,2210.193971893555,2241.4757611708706,15082873
2019-10-01,2268.49718747842,2299.4399062661737,2248.872601661044,2261.9510733352254,7899128
2019-10-02,2340.426072104545,2346.2660739911607,2310.458400924556,2318.558546321742,23472255
2019-10-03,2298.6068342808694,2335.532692383018,2276.067934036516,2306.7642334893226,23099094
2019-10-04,2275.7184744576266,2310.5724729345266,2262.714219504993,2301.104113629541,5858223
2019-10-07,2261.6387201165903,2316.6047258063527,2222.424678898741,2282.4071509391138,19855216
2019-10-08,2231.3229957425965,2264.1564265759744,2201.461685831517,2249.0352749507224,13575895
2019-10-09,2215.1032423749834,2250.329958450352,2187.196118256326,2228.48097458439,23482446
2019-10-10,2198.282095144841,2225.5170083686094,2166.391426150334,2188.905149191529,19025506
2019-10-11,2197.9737434658805,2207.324351941713,2186.19330179714,2191.3375744686673,17095979
2019-10-14,2180.0924791986263,2212.9925132603184,2159.999556946389,2167.343307925041,10043364
2019-10-15,2167.2672514140163,2190.934139034774,2129.461407570191,2176.2441288808986,20335760
2019-10-16,2147.4316987740985,2176.604698711572,2091.2067084424643,2126.759743880197,22583717
2019-10-17,2119.6062741280507,2147.161484908101,2091.617234548524,2138.591341095317,4619189
2019-10-18,2164.6008614792117,2197.1065871479473,2133.266388278586,2166.6131631977096,8358234
2019-10-21,2122.105614967963,2129.3962645355077,2085.621741395001,2103.1183227886518,5504179
2019-10-22,2095.8752114535987,2135.3991437528043,2089.907720084598,2116.1804721694134,11267214
2019-10-23,2131.1807514514608,2168.70465837584,2127.5226634294777,2156.419717675113,3098168
2019-10-24,2142.9721896967417,2175.5863614790956,2102.524009338288,2118.5861633455033,11625589
2019-10-25,2162.7701850460135,2186.0013426827118,2153.9569502362256,2173.009645782732,4629479
2019-10-28,2200.040514248475,2239.097016890218,2166.045428911253,2187.9714368069826,21013638
2019-10-29,2135.3011054913295,2205.0166220988385,2101.0470578202467,2166.1460326239217,12651186
2019-10-30,2177.980818908628,2188.2878626428683,2143.9103623799047,2165.633660748826,24790969
2019-10-31,2173.015068983052,2212.739715280056,2152.472621895023,2185.0700142771607,24286064
2019-11-01,2159.699417785117,2194.709136486167,2146.971647643496,2188.872212811207,20877804
2019-11-04,2215.148140525063,2233.8422295500413,2172.941072439069,2207.874556459165,23667737
2019-11-05,2161.7669178286005,2210.415292019456,2133.659402262299,2178.708304178584,9356089
2019-11-06,2178.1286925258287,2215.1187484230168,2149.6311935110243,2185.5503466670402,6719902
2019-11-07,2113.58231540119,2168.0624772687,2109.839905775996,2140.515513743057,18379841
2019-11-08,2115.595237506585,2151.845437196024,2091.128281788316,2138.2286064035616,12206313
2019-11-11,2097.728932608104,2127.7894020591602,2085.870020734686,2110.520125919502,24799372
2019-11-12,2062.79754381387,2094.6747377087577,2050.96825853156,2088.501176789272,5736029
2019-11-13,2154.711048349094,2186.302201286308,2096.647342289778,2128.478008261068,19623670
2019-11-14,2132.521258303844,2187.4857490224163,2113.041794259499,2164.597538944189,21538634
2019-11-15,2184.6160914443303,2217.2935418143443,2178.0442309514574,2185.674380628447,24685324
2019-11-18,2126.860374611598,2163.500255857693,2103.5260719121234,2151.17418487615,21417202
2019-11-19,2129.895130257922,2157.602959018432,2125.5442500045615,2142.2551440541733,7240888
2019-11-20,2210.4184994425914,2226.6652774633008,2147.764665723262,2182.521968960916,4654589
2019-11-21,2166.259836663133,2191.729851109619,2125.9869498847315,2188.4709863031794,22121397
2019-11-22,2297.5870249592317,2314.772768166797,2258.981747425365,2265.9208499838487,9632034
2019-11-25,2260.519417777535,2317.7385144536393,2251.716825775476,2280.6488088881533,24065426
2019-11-26,2305.1724997347274,2346.777800747119,2285.976344278831,2288.587147005051,3827916
2019-11-27,2282.5405126813343,2307.2972848912127,2263.184644405656,2279.3486997897317,2714564
2019-11-28,2311.6413739834484,2333.9591900846103,2280.2477882074168,2285.282103324869,9694379
2019-11-29,2285.122173441435,2288.7456179887545,2271.6440377812683,2281.426723761204,12491464
2019-12-02,2309.419923310415,2350.3079314974575,2297.9016791643444,2307.028050670329,11570032
2019-12-03,2320.126624130828,2344.4396827333626,2298.8132213479125,2341.519353715527,5334055
2019-12-04,2292.134566121578,2359.1939830999177,2262.9440659223214,2315.3181223238194,19939324
2019-12-05,2298.842728834119,2322.5095646693117,2265.380322992181,2270.473896461109,2424452
2019-12-06,2197.889621526323,2225.8629194463183,2171.977000351616,2209.3003352763953,21793205
2019-12-09,2218.9125448939726,2268.8024981303265,2197.2505620111133,2227.460496610542,7443157
2019-12-10,2209.016858963598,2212.249598007316,2166.6719492937596,2191.931389980535,17973595
2019-12-11,2112.1989920960727,2148.0311730733843,2092.6221770499697,2122.461721766228,9657509
2019-12-12,2165.075950854809,2189.822158346939,2112.480148894491,2136.1063470095023,11071245
2019-12-13,2233.0941788602663,2244.6327721528846,2174.943119798196,2217.267692201905,7900173
2019-12-16,2224.8802399471806,2245.2353604394107,2211.20613100757,2218.3961402769314,8980330
2019-12-17,2273.3120758159257,2303.7585810770506,2221.6539875954304,2247.628748426617,6447434
2019-12-18,2221.3110961387624,2285.096736629401,2201.7411883831537,2251.7361559567253,21112776
2019-12-19,2233.3506714505547,2252.02748589881,2194.589906303742,2249.7470965371917,12185151
2019-12-20,2279.7185591907282,2325.0164916208155,2234.2709314654267,2282.1122895315743,7273724
2019-12-23,2254.9231732844787,2282.925576131192,2220.3338058291383,2273.5449703358267,19153861
2019-12-24,2300.7406125699918,2313.2521050175865,2268.9240542104912,2284.0280240794978,14411968
2019-12-25,2325.300273446361,2339.266016350845,2254.819597750722,2296.419942963494,19210127
2019-12-26,2269.5823547016557,2278.6939564436193,2263.3838106527332,2274.784551307531,18336115
2019-12-27,2299.059451995148,2317.7104177763204,2262.4709066941864,2309.999661202843,3480929
2019-12-30,2337.244016114569,2383.3827287794134,2268.17827431249,2305.323306319207,22036048
2019-12-31,2276.7999048632214,2296.512139808625,2239.1157956512398,2280.572946355747,8244994
2020-01-01,2300.9066747065376,2309.0068448498632,2255.4997829297,2301.662881411877,3777346
2020-01-02,2263.287521725357,2280.300181679262,2251.211307324967,2273.405320812189,22749008
2020-01-03,2305.071831311992,2338.886634342725,2269.4107154300755,2277.094415093808,22615094
2020-01-06,2284.2310088447857,2323.6038524434684,2260.5250211148846,2279.515456146974,17721852
2020-01-07,2337.623090208389,2351.373208238447,2281.2866387537542,2319.3806105854683,7588592
2020-01-08,2360.555429787987,2363.8537884124407,2304.5816756771715,2338.678955476485,5569829
2020-01-09,2329.5023407184353,2352.869184213986,2303.977068658986,2340.607419897004,9405246
2020-01-10,2367.4086324162895,2377.0465097489746,2362.98766980747,2372.127196815629,21868416
2020-01-13,2449.7854536165096,2457.0478518930695,2387.3452693399736,2424.439986495443,5714886
2020-01-14,2437.593949121761,2470.1499266183996,2422.7277270769277,2447.6349786532187,21657945
2020-01-15,2472.564861287526,2485.8386997591956,2422.3974529734974,2450.952232144343,24068206
2020-01-16,2437.4910450101193,2463.823191768826,2371.1652585168263,2405.6646556946193,12333030
2020-01-17,2378.877548349999,2392.7140072654884,2343.2454286233024,2370.116858878085,14057874
2020-01-20,2379.2322308172775,2424.128839608425,2318.0632948497137,2362.109725845683,15243443
2020-01-21,2364.7967144541685,2407.8666042264235,2332.041722474633,2343.348237005567,6334965
2020-01-22,2363.8056922323817,2391.6260683755145,2303.6117083005947,2339.58817179165,20892445
2020-01-23,2337.0026825622226,2362.515334784959,2322.4731403904157,2344.383740011132,9142762
2020-01-24,2333.9750957393553,2385.322673471644,2290.326538363662,2365.82404670688,18207628
2020-01-27,2359.1959231441597,2387.0430503311213,2354.824032459509,2366.1612199969936,16039641
2020-01-28,2398.706599845132,2434.26504356138,2347.293501843789,2386.267733307285,4890632
2020-01-29,2387.877032030491,2414.3517673769193,2380.1692024405356,2391.4390528225326,11721896
2020-01-30,2340.7992318515503,2381.2432542964207,2312.7113213647667,2323.4456612710615,21866891
2020-01-31,2283.6560664991302,2336.9301526732934,2279.977869724996,2293.4963748858886,4507913
2020-02-03,2300.5537498200765,2317.538685044874,2266.270524452684,2291.291606235046,6146181
2020-02-04,2231.274855354183,2278.7131157740832,2217.486800787711,2252.4647050068506,10483057
2020-02-05,2292.460173553968,2298.8929869010894,2245.9557374994483,2275.4374370003993,8860961
2020-02-06,2333.609595152163,2344.831718121888,2291.9700158345977,2330.4148781843155,6188851
2020-02-07,2354.722042154755,2396.8545447916713,2327.4506939585667,2375.81468732052,18251688
2020-02-10,2356.25742682065,2382.719671391285,2316.552677905685,2371.059154330407,6359122
2020-02-11,2445.0240520577067,2488.190094287941,2423.668549508071,2426.9234231162686,15509125
2020-02-12,2433.976690159151,2445.0069059129555,2389.748128958944,2435.2477992360923,17856513
2020-02-13,2405.1907668988247,2449.284625294999,2384.0131169037872,2425.856778555397,18016142
2020-02-14,2440.181307806211,2470.7037924437464,2386.961947534827,2406.4474015496426,6308368
2020-02-17,2413.895762559884,2448.041318089818,2374.96888112103,2398.416977565049,5943183
2020-02-18,2420.0698798909416,2440.103987998927,2369.6195987603546,2387.32992985983,23591195
2020-02-19,2391.0569824611143,2438.2633949686183,2348.5139450249703,2396.2973219988216,21558484
2020-02-20,2403.1481547431727,2433.3183140733313,2380.4272347518618,2404.9446237968073,7952521
2020-02-21,2436.6880137429753,2459.4726252274213,2372.9218557253403,2407.9404399922423,13452553
2020-02-24,2428.435335578125,2433.966272016357,2421.426953139622,2426.6117848508597,17655665
2020-02-25,2488.2394291988603,2512.6965831247144,2459.2104843976017,2472.8622632224606,7421211
2020-02-26,2492.382247129252,2552.719786700734,2488.588280964477,2511.0514467646226,24694295
2020-02-27,2454.2062748562535,2489.294885038534,2406.873385857419,2458.1348806211304,19931488
2020-02-28,2340.1785224407245,2406.7068397941243,2306.052940111181,2366.9164031170058,2273591
2020-03-02,2381.733290588805,2427.8859085051085,2342.94206990329,2402.928559655812,24138050
2020-03-03,2321.262926056187,2364.2049854716156,2275.329629404729,2356.5443959972854,4183721
2020-03-04,2318.9256637996255,2354.3880207400885,2283.223922266109,2351.427204548818,2237963
2020-03-05,2346.095783816962,2361.958139503199,2296.5477119671223,2312.9773831661823,22805270
2020-03-06,2235.817734760245,2285.3690693968706,2200.918161562927,2253.2338560705243,8985012
2020-03-09,2285.3805934111747,2321.980822320753,2250.74790973079,2274.238368962679,13425633
2020-03-10,2326.2919762558317,2341.690409708599,2295.6536320624327,2302.8649519087785,23721897
2020-03-11,2289.1878655440837,2313.035307292338,2270.1286374990245,2285.714005907402,7266440
2020-03-12,2176.7326171767445,2219.4204978276957,2149.519002228071,2199.6211378586804,20615258
2020-03-13,2199.1855365161528,2218.5382216780326,2156.0106197049327,2184.2377207018994,16811305
2020-03-16,2206.311380160891,2218.215810216714,2174.748910354489,2199.695702282577,16248225
2020-03-17,2168.478213787665,2176.265329636137,2117.711289647598,2153.5380057969896,14061863
2020-03-18,2179.541472609503,2189.866140609314,2144.848462635964,2162.0453397437104,12964464
2020-03-19,2195.008969980597,2199.511625587503,2135.8339183116314,2164.143285330553,7559011
2020-03-20,2190.3685808467912,2200.8045571116522,2177.22917696912,2185.545304409611,7757662
2020-03-23,2181.6740840966804,2194.6634860489503,2169.401077717095,2192.0881834652096,3765040
2020-03-24,2172.355526271135,2200.4178186048157,2144.5554826330604,2162.722895380316,4380232
2020-03-25,2175.5994911538323,2219.5894413283513,2147.14230656595,2204.1359515939134,11270573
2020-03-26,2227.7861818077977,2271.2051764689136,2166.2901032798927,2201.539603766332,12850173
2020-03-27,2178.121467370112,2213.592495011236,2166.6795457285175,2203.279770914446,2845377
2020-03-30,2163.8462826644754,2191.546921365579,2140.5671329046004,2175.079950413515,15899012
2020-03-31,2183.718303360198,2200.7490831321597,2129.200406181549,2163.227431299899,12142842
2020-04-01,2143.3518877433316,2145.8394157018297,2102.2956978711627,2137.112861683385,2605109
2020-04-02,2127.3234389797594,2170.2961031192067,2091.4623333986738,2134.1333183818074,18924431
2020-04-03,2189.743025647762,2195.0131742757903,2178.282048009517,2191.489489846292,13321936
2020-04-06,2171.879574161479,2212.8486439382928,2115.3911097903438,2149.021673196475,11756659
2020-04-07,2089.5090824953672,2137.2731733020228,2068.6269529098345,2099.5868229782564,15199751
2020-04-08,2172.264169479019,2196.5390399838993,2123.9025702546546,2148.4390746752633,18578887
2020-04-09,2117.776867073437,2168.562398059917,2098.743574263465,2144.271414056157,13605855
2020-04-10,2142.9730310194136,2171.735544736681,2118.238483954133,2125.3244365415335,9490282
2020-04-13,2183.558641507488,2201.7999817158598,2153.4355942982256,2161.026848522338,20966894
2020-04-14,2123.5234273744536,2172.497907250646,2099.252500341879,2143.988809121759,13216977
2020-04-15,2200.6775875485014,2209.3668620348612,2157.3065429058656,2205.285761560589,4288421
2020-04-16,2207.9757568741525,2234.878130950281,2181.7062158457097,2230.3574085463324,2521291
2020-04-17,2230.4500318683795,2252.057244376468,2197.9077303662084,2216.7105850785074,2298510
2020-04-20,2293.5321179087055,2319.7766016324204,2269.5605349641287,2291.102557054938,6640475
2020-04-21,2282.263398343959,2323.044102136211,2255.7045362974395,2273.0355549893147,2099830
2020-04-22,2280.1132355688296,2307.9421886531454,2241.1858630783977,2301.0653351418546,15344485
2020-04-23,2294.1450304224195,2352.6421398355897,2276.4437902073396,2314.156990271603,12454961
2020-04-24,2329.6293274411796,2373.909589953384,2291.1214416792277,2362.12048422574,24848439
2020-04-27,2407.362789287486,2440.824553861981,2393.5444200700845,2420.282192568856,18074206
2020-04-28,2428.6936735353797,2445.732043488248,2391.4807127875274,2424.3484172810213,15544712
2020-04-29,2425.629228355569,2446.4967957730396,2384.231571249746,2399.8594240588836,21683591
2020-04-30,2431.4126961991446,2440.796525525299,2373.1115581002496,2419.2972825983093,3319021
2020-05-01,2392.959689173791,2422.9440164985535,2363.6443547915396,2397.6065150511818,24146962
2020-05-04,2506.508829429477,2547.192498618628,2456.561460389458,2472.8932985991055,19929415
2020-05-05,2497.243259284853,2520.690241336248,2442.0009509354763,2480.925330136272,21366113
2020-05-06,2502.1866167991643,2528.01333116498,2458.2287261038728,2470.307408178012,15144094
2020-05-07,2482.167674401749,2524.6787278781917,2460.236452988902,2480.115033983666,23938274
2020-05-08,2415.378347991758,2468.047348467349,2394.03527670053,2432.975749574388,20372380
2020-05-11,2368.2342836489133,2425.205845915171,2336.7780418078937,2400.4366195692405,19419529
2020-05-12,2463.133674401113,2477.6568458227403,2420.035506666025,2446.539906061774,10811309
2020-05-13,2397.8145840584984,2468.5735557138646,2377.0726168249034,2425.3689829355403,14441373
2020-05-14,2376.050083571859,2418.7870406699685,2349.8583611602103,2390.1922443356925,13574621
2020-05-15,2414.6509118636736,2427.2114540653324,2396.0613002374475,2412.301023733777,18450555
2020-05-18,2462.850187423019,2477.9062686416933,2429.19325434624,2458.0999151543415,7360593
2020-05-19,2495.064718794153,2535.633295172266,2447.3675118690157,2487.5585211317125,4670111
2020-05-20,2502.4012078700334,2532.3573604487933,2462.524798685858,2527.709494981267,4477512
2020-05-21,2493.0212894852184,2551.7134130152235,2443.4357731619234,2502.0483744082617,22729646
2020-05-22,2460.3089612370313,2468.862672906846,2416.674702619598,2451.689246445985,21518526
2020-05-25,2545.218479359372,2586.260895950588,2495.3601134547316,2509.8433270891214,7370777
2020-05-26,2517.7841648710605,2539.187170819676,2488.426258127267,2500.7070014770666,21644182
2020-05-27,2525.9219549208415,2552.0705704904917,2454.00824962058,2494.2989516720777,13245002
2020-05-28,2567.0213209947524,2612.5406696810073,2542.456850622633,2546.9858092485506,3907273
2020-05-29,2578.3677768952166,2601.1742458852814,2544.4116539228376,2571.2928413289737,16691235
2020-06-01,2568.013798193181,2621.023770238154,2561.394989751777,2591.961707210611,14007035
2020-06-02,2692.643865396457,2697.8586914993443,2661.639551186872,2679.246108869336,15031293
2020-06-03,2666.432149604917,2669.217509970542,2639.9321704490367,2656.599048478992,12535708
2020-06-04,2705.05049956166,2720.337274417585,2647.182749474476,2696.760455358185,13044773
2020-06-05,2701.4747786795588,2739.948822573615,2658.7369922420294,2702.302829014498,7649396
2020-06-08,2718.7681697545245,2727.751069435575,2662.5591535370777,2716.43285753467,11300940
2020-06-09,2768.1550156596177,2790.767446852602,2750.4566094233505,2781.972304791881,4181752
2020-06-10,2808.1284802729315,2832.8631823194264,2768.739068849389,2806.5024466983427,18912729
2020-06-11,2806.830718678887,2870.2290734889734,2792.6461127992425,2832.531188577894,10499923
2020-06-12,2907.87967380351,2950.129327255622,2842.425148028436,2881.4988832478175,6082564
2020-06-15,2842.135620612237,2881.779844723928,2829.537403408983,2869.182518668474,6738707
2020-06-16,2801.1904607572155,2843.6336556316824,2752.1227548731817,2836.5078520854763,14158029
2020-06-17,2790.1108735163125,2848.200936018808,2743.4995323130406,2795.4575192664024,24631788
2020-06-18,2729.25966908114,2745.506027405449,2679.6248106619582,2716.3590735895696,18163853
2020-06-19,2798.16151894655,2851.6562118644783,2763.9155487259804,2803.3996578967713,5887239
2020-06-22,2741.885473985368,2808.420707654901,2705.213724769637,2760.372728160452,19446191
2020-06-23,2759.331056137014,2802.59165319449,2739.399755688742,2754.524038405952,12072142
2020-06-24,2733.786386445652,2757.9485085513356,2684.146502265626,2746.3921339216217,12528498
2020-06-25,2798.2236784539036,2844.714003875546,2725.5381743009175,2762.351694533994,24786752
2020-06-26,2834.962243893005,2879.2323356762245,2788.0101626492365,2799.46681263772,2132053
2020-06-29,2839.16118242246,2874.1900058580864,2785.7830432065957,2838.9591774201513,7432561
2020-06-30,2802.9876418088143,2838.404966848259,2797.114055893128,2817.5359327524766,22931303
2020-07-01,2833.8715834316404,2850.83985282178,2810.308504732226,2813.853904365734,17023874
2020-07-02,2789.836246465717,2838.538799160735,2738.734244867192,2829.1576095056275,12307967
2020-07-03,2819.8627477140385,2852.152944376234,2779.0711149236495,2821.9988027561535,24946166
2020-07-06,2879.216535565411,2928.4922854338975,2842.0044258086896,2893.424110686618,7727961
2020-07-07,2955.0215012758213,2978.1517571982936,2902.888814311582,2918.2052010616417,17191865
2020-07-08,2910.6304495475183,2983.507658115488,2885.373772332494,2953.8749099638444,18787944
2020-07-09,2991.5229942792466,3015.176292575015,2963.621896115296,2986.790585072826,7086588
2020-07-10,3064.9183506220907,3105.3112623036127,3025.8857777722574,3042.948543815408,24890439
2020-07-13,3053.4896316751806,3110.2287731780543,2999.264544420868,3054.862671394836,12603376
2020-07-14,2961.8012728648073,3011.4436217245566,2949.4534631782676,2999.1038539672713,21092790
2020-07-15,3063.4980515653097,3088.762007390648,3000.7673225331573,3020.6833637393165,4919798
2020-07-16,2996.413166298279,3007.4294897169093,2967.7505215488254,2994.7950397817954,11427575
2020-07-17,2984.8322116056206,3023.258737447982,2965.4357114280047,2974.642314582782,4839593
2020-07-20,2980.635542320458,3048.985818561244,2960.6826336431286,3004.375233689347,7049144
2020-07-21,3062.2677395248706,3121.096689067115,3012.757911218312,3063.784488851454,12782007
2020-07-22,3061.916590123119,3087.7653680376343,3025.6793040456996,3068.4386031409363,24245973
2020-07-23,3046.9748380156284,3145.1423283584427,3014.636728759947,3086.3352565314503,3061999
2020-07-24,3131.4024692079774,3175.8207117143425,3072.0596834660682,3168.8429488066254,21572533
2020-07-27,3216.3254736792032,3256.3920872975855,3178.160780509699,3184.08919557357,6191533
2020-07-28,3286.3171527955865,3319.0775712576906,3228.619177234383,3312.1699690207784,5934147
2020-07-29,3313.6365465752347,3404.3756959709385,3291.27534539689,3344.2405339653887,10451587
2020-07-30,3260.4077389947233,3296.488624181071,3226.0841137372354,3259.927409758163,24844125
2020-07-31,3327.2883311576343,3372.9308036712728,3236.270841220669,3300.676907643127,16314716
2020-08-03,3279.8326903981774,3379.3435630570134,3271.8633596225736,3323.5089301193557,11514154
2020-08-04,3399.6102136449426,3412.718776879488,3378.8546746192906,3391.794712773099,20938173
2020-08-05,3390.929709938498,3436.0594707806467,3356.887829624326,3430.1142606480503,23091299
2020-08-06,3379.4486783204625,3487.7620748249856,3326.559983384336,3427.106600083806,3521876
2020-08-07,3323.0875830497507,3391.805296851464,3264.304938227595,3368.2821195130327,6604156
2020-08-10,3395.4647377958513,3407.1811258755824,3317.739202828441,3361.763318555265,24652116
2020-08-11,3284.825430747419,3355.808040829092,3235.070631085404,3322.9087075679045,17169027
2020-08-12,3252.9586124972425,3338.7493721393985,3219.2161048649077,3297.960801622434,6926528
2020-08-13,3324.8292527315593,3336.3261362684443,3319.3824397363232,3331.03498218129,2396605
2020-08-14,3453.747818645275,3475.2405517850693,3387.4442441637943,3418.469878973357,24138201
2020-08-17,3418.2701519693933,3448.3979942536876,3407.70321947754,3442.809633879948,9464567
2020-08-18,3377.2325259552463,3415.603554953617,3351.453089864628,3385.183039536075,18000242
2020-08-19,3364.730118920221,3473.2575050572273,3327.8179662782995,3411.8211803603876,12029953
2020-08-20,3471.843897415472,3545.5527855789014,3458.781236443021,3477.155755545177,6793480
2020-08-21,3457.5555352313536,3502.863009368204,3411.427130408667,3449.5236904210233,15183222
2020-08-24,3454.0606092695366,3468.122491309222,3434.6787012747386,3446.7286879791086,22514860
2020-08-25,3434.272153422469,3514.4821609762785,3384.612435980459,3451.6241557369,18710511
2020-08-26,3396.229158331965,3452.0416239393653,3336.6166707900024,3415.128495065307,17896239
2020-08-27,3411.692859854366,3465.973883788036,3398.902337426225,3452.436063995587,9934968
2020-08-28,3436.527866449392,3514.190525012445,3406.152012131825,3450.3155010204764,15275944
2020-08-31,3434.401946522212,3529.673551162536,3423.7304201922702,3476.168669037602,10106954
2020-09-01,3461.5292098627806,3513.114303388938,3426.5733182834933,3434.0639839030728,6719704
2020-09-02,3463.4298714144347,3513.5610563271416,3350.818285906066,3415.6509637797553,10879100
2020-09-03,3505.5088320685727,3522.357908133745,3420.528457672566,3456.760783652506,18210873
2020-09-04,3479.269579962956,3496.6976836518243,3397.2643496676683,3441.5769713079435,14369123
2020-09-07,3545.5476302185957,3595.4603144287407,3506.19597115118,3534.8590489838057,6269865
2020-09-08,3539.109845509616,3557.4237913708903,3500.5966767990208,3517.9110160372693,17893794
2020-09-09,3511.2164135614908,3566.9777677470684,3459.7111317547265,3533.988822334382,6836773
2020-09-10,3601.7409106268265,3658.857442918558,3553.8672977009346,3587.666092555948,6779074
2020-09-11,3510.964343026113,3571.5234249773266,3488.023150851254,3515.641952163709,16234874
2020-09-14,3425.156322508162,3459.9454056016953,3365.401698051011,3427.005122569218,15492322
2020-09-15,3378.6184036321683,3432.8506646237506,3337.4942094068006,3352.6910486366246,19767271
2020-09-16,3397.833542974141,3478.127296234088,3369.00660316754,3420.2100942206566,14916302
2020-09-17,3377.464147486118,3441.647065595099,3370.848408896792,3396.002284316333,16808722
2020-09-18,3575.366808931489,3594.459593742683,3482.5591364055326,3530.3922463254994,10933863
2020-09-21,3458.08881987833,3526.499740379104,3396.0326306888815,3504.7484868114725,17685008
2020-09-22,3517.1398345245934,3543.2234681045275,3480.64431329173,3518.6562735049297,18015040
2020-09-23,3648.9063623301495,3660.6532064777566,3538.061984457342,3604.270983918696,13199468
2020-09-24,3729.3604015311967,3752.4452646913214,3711.184431868561,3717.053644916962,14476892
2020-09-25,3841.796059461783,3860.931527997807,3762.545650898779,3836.454900044048,9206009
2020-09-28,3881.236799636649,3948.3384118283607,3859.178077967217,3910.596284120203,7979212
2020-09-29,3956.6683384270036,4047.950735322957,3917.010436288532,3975.3594262833226,22665655
2020-09-30,4057.871587541679,4069.984845596672,3963.276687587742,4015.46247148737,24887260
2020-10-01,4074.3887160401528,4134.221483291474,3990.9079831448607,4067.1632218123596,11127593
2020-10-02,4040.203437517119,4097.002140937199,4005.3878606187654,4038.417383570939,8275589
2020-10-05,3945.7252999127545,4004.9596129981255,3910.6840484488216,3993.700055520759,23447876
2020-10-06,3940.238548517804,4072.3741718515516,3882.461972450769,3998.2903470261417,22318666
2020-10-07,4048.42478393954,4096.200130815134,3982.0776926744356,3992.8815824407675,8389576
2020-10-08,3955.8748562799024,4001.9377423645246,3899.614760654526,3970.52775137763,24696165
2020-10-09,4029.2052570052783,4091.1511977794694,3970.754822724943,4016.767769966852,4811047
2020-10-12,4027.714365494857,4103.172422018736,3988.7723554322456,4079.1464788748244,18035624
2020-10-13,4111.915930233729,4170.20927495173,4015.4497811483193,4089.4508242333595,24265608
2020-10-14,4239.3011168272105,4246.739025509657,4175.413320691306,4184.992464339454,14642233
2020-10-15,4127.693518812293,4197.652775544202,4065.2850622853425,4118.345050207655,17963495
2020-10-16,4065.2088888569097,4150.443974072835,3990.1440142670313,4111.323717134646,3236236
2020-10-19,4082.034203252656,4135.497280270086,4020.574275587606,4072.050976480221,5804178
2020-10-20,3994.5933983263576,4015.3793392794214,3928.862024347322,3962.9279538391706,11758559
2020-10-21,3951.6431150464855,4017.710014532677,3911.1759215839875,3962.7686033662485,12245168
2020-10-22,4005.4150632630513,4068.1901921632198,3933.342452637686,3960.287067633898,6420047
2020-10-23,4073.031879052516,4113.725746451165,3978.120649095427,4054.944843800193,22134243
2020-10-26,4147.265186917989,4200.088122081392,4038.3716596542954,4098.179376428167,9314257
2020-10-27,4055.1070256831185,4094.320691442979,4022.221200419728,4040.1376718637503,14485581
2020-10-28,4111.3617526608,4232.128947947572,4035.375482800608,4157.347675435526,13818141
2020-10-29,4214.281877914044,4282.812863659405,4198.496160513781,4238.4804165818605,9512129
2020-10-30,4242.280068487014,4353.320390372081,4164.841597353295,4280.574738832094,14982220
2020-11-02,4323.554211151375,4393.70685761936,4253.463620535215,4271.169196834437,20778970
2020-11-03,4247.751916958392,4285.13039906961,4159.421720565529,4214.825690158723,4753082
2020-11-04,4218.558568515143,4241.219000271206,4161.23649324413,4196.351680759381,13415348
2020-11-05,4244.423154167215,4307.133620725197,4171.864125742844,4269.918884279594,17532339
2020-11-06,4354.08245761245,4469.149023078625,4272.474785799819,4395.748246792203,5599696
2020-11-09,4537.421070825026,4561.582920520063,4431.197336647644,4502.778795194991,22254366
2020-11-10,4471.694994359904,4524.231420621099,4393.123836746196,4475.164417592287,20744061
2020-11-11,4369.13751702036,4477.254960506474,4307.688708913673,4405.377533411833,20476435
2020-11-12,4435.437825846044,4469.6619835835,4374.772015597265,4419.973843055566,20064132
2020-11-13,4248.623295482508,4364.905527732063,4211.177755847281,4308.030975584969,24306438
2020-11-16,4311.482079718673,4358.6451134355675,4289.956979740172,4334.0838606009265,10449809
2020-11-17,4325.60477845306,4343.008394454994,4293.026736826885,4329.688931427748,4013279
2020-11-18,4259.155518707355,4373.8931664981965,4223.235539553865,4304.6176618887575,16036081
2020-11-19,4267.979941285825,4280.273447118086,4155.591630966831,4206.814398250652,11123801
2020-11-20,4207.231784115461,4270.400664313722,4160.962164668931,4244.271880377461,21776027
2020-11-23,4168.704249594558,4288.155316913345,4118.162444720128,4215.451098717455,24120449
2020-11-24,4109.654652505765,4177.97655074295,4093.2207787845064,4146.533731878372,5919059
2020-11-25,4004.9288612113314,4082.9763607397404,3910.76481318198,3972.860590044046,24414975
2020-11-26,3967.102670642861,4053.977151193696,3888.191832163179,3975.988329523382,18947532
2020-11-27,4094.4758718539006,4119.440891887892,4055.2973802207016,4086.4562904988816,17655959
2020-11-30,4132.934997376077,4200.647935496734,4066.1747952722717,4193.1899855590555,2863996
2020-12-01,4111.236180964606,4229.495996636021,4098.541454864116,4169.471441858415,15585775
2020-12-02,4130.087933578557,4176.395303433291,4114.896975640408,4136.811217774328,11583333
2020-12-03,4210.48562745856,4222.756262712948,4093.5269422637325,4170.863850252682,13198969
2020-12-04,4160.94626914552,4221.042539659944,4039.4535593024734,4113.406940819049,15913263
2020-12-07,4085.6705220001663,4143.5513065130435,4042.3961631378706,4136.963922579037,12946422
2020-12-08,4194.288604869204,4267.830158669678,4154.171683172369,4189.466976388283,7014236
2020-12-09,4324.551804234606,4340.268946892674,4208.476990939827,4271.597280115402,23292579
2020-12-10,4255.954210309355,4284.9057873112915,4228.7976330493775,4270.305928641277,21829249
2020-12-11,4304.52614178475,4323.198201907404,4225.315826962273,4262.384057412307,10334206
2020-12-14,4165.085200786275,4292.412398196936,4107.488978525623,4211.36443357405,7083496
2020-12-15,4218.57553168384,4278.353665962641,4082.9073593027247,4164.18365318697,10677649
2020-12-16,4186.374352404329,4254.302710370159,4131.154595609818,4155.034178079071,22548871
2020-12-17,4238.298409556358,4274.557326790601,4116.325769629599,4182.916462642795,22034062
2020-12-18,4267.751255035529,4299.289688523544,4227.66109666926,4245.2576849942925,7562344
2020-12-21,4181.998617248428,4222.11396490391,4131.754057344867,4199.2064700242645,5873680
2020-12-22,4354.769722164422,4398.893610020132,4259.430014693196,4298.267130235885,7049025
2020-12-23,4257.087374785063,4335.167610981895,4242.5537886514785,4285.944625853281,4653381
2020-12-24,4268.116116976122,4345.496323199871,4252.788616371736,4289.714073798579,9046492
2020-12-25,4272.365550275247,4297.509496363146,4191.823715857981,4246.781863844932,14728218
2020-12-28,4130.063314342256,4208.63540458983,4031.7630372660187,4097.449708517598,21179537
2020-12-29,4210.248686169421,4228.0387192424005,4134.786557218344,4156.7016214423575,10929343
2020-12-30,4170.36977945365,4289.039054657169,4121.278371135035,4207.632266714999,7783881
2020-12-31,4232.427969270663,4237.85506913983,4126.333505755478,4194.925581832356,9206757
2021-01-01,4231.726520241686,4274.642101404916,4189.826327220121,4201.657853282935,10131322
2021-01-04,4181.253755198424,4267.76772941486,4113.366834310186,4236.695848983151,4803627
2021-01-05,4125.930719262679,4179.404844195341,4045.435198049756,4139.937393306785,7196816
2021-01-06,4082.7854796052243,4158.2357584967995,4002.702946879183,4109.567681313144,18837050
2021-01-07,4136.58925961256,4199.592882764167,4102.768471792722,4160.994688788667,24626444
2021-01-08,4144.393020107677,4181.203892553053,4054.859298903484,4085.2049111817746,9213499
2021-01-11,4123.230498644066,4184.756292279263,4047.7953125686267,4105.644698721536,10230362
2021-01-12,4050.84498732908,4107.685023262786,3968.5423593199257,4024.5634421227564,10262900
2021-01-13,4113.118313856899,4182.350956211256,4000.1903041821147,4055.135836022209,7695265
2021-01-14,4040.4610714933137,4078.7163466117495,4011.866778545279,4055.40095174212,11589334
2021-01-15,3995.4389315854655,4045.705715334921,3884.7659310888444,3959.5840857619824,21661669
2021-01-18,4023.2206455719333,4079.9902442512484,4013.778994413933,4031.138087392979,4268299
2021-01-19,4033.361795235673,4065.72959788284,3926.2210822309385,3989.1381689867844,3142252
2021-01-20,3905.2730337886264,3983.405987496467,3901.3435125224805,3943.0485180430474,24548043
2021-01-21,4010.425706769863,4038.345731979567,3891.0281090534254,3957.277158292471,22352530
2021-01-22,3993.851446325578,4042.716690619294,3972.52181415351,4027.8336697782843,19670536
2021-01-25,3948.18566737817,3988.968290296783,3885.9813639788754,3968.876950105502,9922505
2021-01-26,4005.4806602970843,4017.5161654884723,3901.537514431087,3974.930272290779,22564368
2021-01-27,3990.124393759593,4058.8365525187187,3976.6526690920905,4002.882965780481,21347505
2021-01-28,4060.0386268735883,4115.067661519738,4031.9933302354157,4046.901004991958,17903463
2021-01-29,4053.288754509443,4137.430301751719,4003.302938753264,4060.039768205559,18768424
2021-02-01,4069.4997126467792,4129.988308158005,4013.2386832824577,4040.12357772573,21010571
2021-02-02,3959.8558888583852,4000.334507117593,3922.5708865476126,3992.394150425293,17861070
2021-02-03,3946.964034019352,4071.1501064981944,3931.9899083010414,3999.9483919370873,13101198
2021-02-04,3914.384384090372,4006.5062938628653,3859.528449570457,3938.020850218377,3499163
2021-02-05,3764.914567314014,3803.323054837397,3727.076331065607,3767.8185760065485,9225206
2021-02-08,3756.9589877451117,3840.7880912470964,3716.466765745811,3794.7524392467976,5973369
2021-02-09,3831.7181224933543,3923.702893130469,3780.8490400378505,3848.4824248573254,14888043
2021-02-10,3703.2409049090447,3755.66683423282,3691.90027114998,3714.385955072619,6826616
2021-02-11,3611.753532264255,3726.9792146791497,3550.901555045137,3660.3566434259596,4606894
2021-02-12,3705.7862151971835,3715.338755208762,3633.117434471748,3696.547738600653,10955216
2021-02-15,3856.813437201081,3874.6704275126035,3778.3868404529826,3812.8501206299716,23244965
2021-02-16,3776.455191500977,3852.1026426449143,3748.1030401369203,3816.327080064628,21080491
2021-02-17,3788.02487326187,3833.8992914961595,3715.3698165202045,3776.942416227975,14806322
2021-02-18,3787.473046255096,3849.997898083479,3721.4483359740207,3768.8467417849215,21000928
2021-02-19,3839.519505924635,3924.9518319395424,3831.7817722418195,3848.8335275199456,20765268
2021-02-22,3836.8583779734463,3869.04263067007,3755.4433786895434,3813.8496987835865,21186969
2021-02-23,3760.320653742152,3777.585212354906,3732.86600116142,3770.418035695357,19414893
2021-02-24,3745.89916518389,3806.666109990972,3723.1411984659744,3745.378113277021,21140704
2021-02-25,3639.4705772148977,3740.180596346534,3597.6692387842713,3694.0666985829916,2802560
2021-02-26,3724.3790735839893,3742.15298116436,3694.981763504115,3703.0804235404566,12508596
2021-03-01,3813.9185083214534,3853.589899603674,3772.7603466923533,3795.5469967061786,15918469
2021-03-02,3763.3713733066415,3873.85802204502,3720.8474106851663,3816.2182633758052,6835620
2021-03-03,3789.02690908718,3863.549712641027,3754.23367250202,3804.062453679213,15916410
2021-03-04,3844.155387647958,3884.4911484304153,3763.771054894563,3789.693866776789,19146841
2021-03-05,3694.3018329893225,3728.285173142835,3661.982652441257,3703.1074637920615,3203880
2021-03-08,3754.6021982604343,3827.8211052008637,3741.9758022443093,3754.3830843768574,22111282
2021-03-09,3798.3970951934043,3850.0700699644217,3702.650798767224,3752.252254390481,18257710
2021-03-10,3768.7506192067717,3801.7517324985547,3690.793243717758,3744.3455133034763,18183052
2021-03-11,3935.599647075603,3960.507275080431,3863.3657470334383,3925.933590538788,7924555
2021-03-12,3981.1354794947283,4040.418395445421,3869.797419463072,3945.8824118664716,19049412
2021-03-15,3946.424629580169,3968.530469786538,3828.8681017395306,3903.752755084053,3854529
2021-03-16,3876.1093983610517,3897.6723602340085,3862.6633635048015,3881.129087124528,16356282
2021-03-17,3947.3668599887224,3994.0342941288554,3919.2989886481046,3950.316755281006,12699587
2021-03-18,3945.863661836967,3985.173492807401,3916.467434855416,3959.3987553435477,18060474
2021-03-19,3930.6271955756247,3981.52566442661,3844.0954667631913,3876.3536540389364,13045594
2021-03-22,3955.3868031477923,3968.205558436327,3916.9312807767005,3932.128312822943,6929009
2021-03-23,3846.377791127351,3947.4441464111414,3804.5487080019766,3895.0791656737406,2157044
2021-03-24,4050.495775961056,4076.3486081469996,3992.993312290324,4006.8658602618634,24649097
2021-03-25,4071.8080242114524,4078.2770851355135,4018.180095422786,4074.184095607329,13789964
2021-03-26,3996.9042951519377,4063.106842260906,3987.3414721333056,4049.291529771046,11384171
2021-03-29,4135.688500995767,4213.185894763606,4101.756014598574,4129.529235234991,6127617
2021-03-30,4125.93134405941,4208.509992339958,4063.573526101695,4136.210122493552,9966937
2021-03-31,4239.101854309728,4262.156513300915,4152.69255826255,4191.600615175596,21944974
2021-04-01,4187.077604325636,4291.295044467779,4145.7410184412665,4224.592671172211,4006456
2021-04-02,4214.369694910632,4267.314232515203,4100.959730196585,4173.49474494683,5235559
2021-04-05,4142.868576896824,4223.435727258029,4099.455829572869,4135.711064144473,20852814
2021-04-06,4145.93981109809,4236.117427580619,4087.8175776133885,4202.086796016545,10335948
2021-04-07,4242.725762764098,4301.902247970538,4103.99761553286,4183.506723054001,12765959
2021-04-08,4162.26147859425,4171.448333582078,4152.467262029545,4160.686836191983,23463956
2021-04-09,4077.829191548778,4138.571906986172,4045.9744826260894,4103.57375915097,5040149
2021-04-12,4128.317524774206,4211.9114739825345,4114.5349703694465,4132.109953556012,24398764
2021-04-13,4308.188205942097,4356.614984032192,4231.9305172162585,4262.427915752074,23940081
2021-04-14,4172.168067078377,4223.882776876044,4117.023228992289,4196.731141081002,18551325
2021-04-15,4162.043909567594,4214.573982950734,4119.34580648618,4200.77381798623,16897853
2021-04-16,4244.516660911467,4353.947929328139,4214.122476967397,4292.280569293189,16207660
2021-04-19,4263.714441975803,4346.576905015438,4256.230745567429,4289.728289692433,15622818
2021-04-20,4357.716489586347,4393.035065144884,4255.81018685902,4321.41040804372,14659409
2021-04-21,4251.515665863772,4336.27415635013,4237.164947314721,4255.137677538963,18952964
2021-04-22,4249.99587356634,4291.121027470824,4239.615166422756,4285.02834514877,10742392
2021-04-23,4232.75309705867,4304.519418091893,4202.014398691285,4275.570584953211,23181637
2021-04-26,4319.568881725672,4421.670744740149,4309.608240633095,4341.354299917707,3055677
2021-04-27,4479.632957808891,4511.428377136367,4366.279960093813,4421.282065607002,4421791
2021-04-28,4574.030768602426,4622.294534672463,4565.3735341618885,4595.672704169439,5543687
2021-04-29,4706.310426663864,4758.786671713053,4607.5552321941,4638.387173080472,5808102
2021-04-30,4661.771264485069,4741.501061222254,4572.256443505785,4663.837747222394,22483412
2021-05-03,4635.187057615033,4694.087207165293,4622.35029550879,4680.234702518185,24863505
2021-05-04,4712.9101683210965,4802.066144426526,4607.963447313163,4658.2493262491125,12676366
2021-05-05,4679.123717838463,4760.148914521621,4626.465854817959,4684.695407881136,16218985
2021-05-06,4696.102741885104,4716.971071246186,4623.640859569172,4666.748240682466,14307865
2021-05-07,4749.2733266726,4818.271487950715,4601.001028212595,4681.340764096323,5842996
2021-05-10,4712.211477998378,4816.385690977407,4659.972631582193,4776.671414366498,16002207
2021-05-11,4650.4627451634115,4748.107608633307,4630.890887259051,4707.418570731402,17517414
2021-05-12,4822.415774857676,4899.007850095805,4696.325952121363,4790.731304479403,12362907
2021-05-13,4856.260059072616,4982.563577656847,4784.31663528842,4888.254909032689,17866875
2021-05-14,4836.288383187603,4899.162779139193,4739.7881661940255,4882.530626128113,13667878
2021-05-17,4664.694445638137,4772.592398877021,4608.244715186199,4730.059821574649,9317994
2021-05-18,4622.499440108307,4737.316740795434,4594.01557405625,4689.772342070218,2409759
2021-05-19,4823.218078292445,4862.526941584373,4760.7513493692595,4783.825342759633,8441804
2021-05-20,4732.5770044865085,4822.859456958153,4722.915947636108,4785.0546857258105,15275153
2021-05-21,4711.632900190357,4725.599861372219,4671.874198919974,4716.199981100761,22264038
2021-05-24,4698.198870453352,4764.092208006616,4612.311485624603,4683.320408980071,10396357
2021-05-25,4734.984278873643,4789.257412998473,4723.425287495967,4745.1837951203515,17490678
2021-05-26,4719.034724373374,4809.450002111974,4694.170127219296,4786.946174418586,21213962
2021-05-27,4813.253721235694,4892.69472449749,4729.29828236842,4772.662015652245,14139167
2021-05-28,4679.523611208519,4826.433838352362,4647.7831704572445,4749.264678811407,12057959
2021-05-31,4761.322443185244,4810.085245753373,4712.688227565308,4724.205790520338,14812128
2021-06-01,4716.6792184294545,4748.142122239965,4631.540017083707,4661.675480972009,6608903
2021-06-02,4767.802271986699,4840.125669929275,4705.81662601685,4777.4278449229605,19417762
2021-06-03,4762.26883557017,4793.104005191939,4726.500720863462,4757.196359860931,14215108
2021-06-04,4843.557829934404,4873.48576413491,4750.393375935071,4846.904608946519,11450365
2021-06-07,4943.930712065458,5034.227777104651,4881.349921335479,4960.417858467796,9384930
2021-06-08,5096.226260663415,5105.227111291113,4975.812745221795,5037.674697295019,14324173
2021-06-09,5067.267399269161,5081.458793159722,4923.795475141882,5008.081861190121,8781076
2021-06-10,5016.5838731571575,5047.10704394824,4918.452590433376,5041.415410440306,8564462
2021-06-11,5060.01811683823,5079.782145548907,4954.537549990278,5042.610558142708,15817239
2021-06-14,5041.026041663285,5052.674895884904,4939.641724779201,4977.2808763126295,14873744
2021-06-15,5073.85457973653,5174.927005997446,4980.679764588192,5004.4836535879285,24592401
2021-06-16,4920.30114332116,4952.221052946466,4912.957575616256,4918.979063353247,3323659
2021-06-17,5002.4731881774815,5028.780147237886,4935.344533029538,5009.563001478537,23983491
2021-06-18,4944.60828932036,5005.425782721762,4902.026337479887,4977.65579494353,4463448
2021-06-21,5064.433003907174,5159.575396476958,4984.700231935696,4995.6619413219605,16981793
2021-06-22,4966.0965348698255,5074.519152737415,4882.5359707905845,5019.887495061571,23349979
2021-06-23,5015.386909329745,5055.166670424746,4971.5589830720555,5003.404319960013,17833087
2021-06-24,5017.4918629742015,5139.2979800963585,4989.115919070313,5050.438357063917,22162378
2021-06-25,4984.226824384719,5060.164383490957,4892.96829869631,5017.49154542841,11412812
2021-06-28,5071.57782756055,5123.537734918897,5053.136243441336,5086.077942708863,4338299
2021-06-29,5061.0593057086,5086.052678667869,4963.749902438451,4986.443226028929,19981129
2021-06-30,4932.147655146184,5039.769463982453,4836.634924694009,4998.88786093961,12740503
2021-07-01,5159.402812200774,5195.606355996235,5053.236926016598,5147.274523205417,17383616
2021-07-02,5009.598240235021,5143.486263337136,4914.082289452908,5073.128188790741,16315516
2021-07-05,4972.520943080162,5057.268052310928,4904.696389444785,5024.597758982303,14039284
2021-07-06,5057.15937104973,5126.973136665642,5004.951739872735,5066.345221083487,7602459
2021-07-07,5084.627453346274,5096.077785913977,5032.784604212804,5083.032377756987,10397905
2021-07-08,5075.81865722354,5136.511475089402,5000.116214809039,5112.816159391997,21789633
2021-07-09,5125.024608501656,5198.445037435222,5111.291289388066,5153.400707047415,20808045
2021-07-12,5141.055352434999,5303.432434383353,5074.2061737387985,5205.55735844461,15237854
2021-07-13,5264.069301334705,5338.5809151702015,5163.343719684088,5295.329785529077,3238831
2021-07-14,5405.676372535062,5479.287674852654,5254.847720003367,5331.0588575108795,8504514
2021-07-15,5385.873238028596,5417.36259271407,5262.299542219683,5314.965111476438,10249152
2021-07-16,5345.164778305727,5390.111970756096,5279.719727988466,5371.774676895161,20619869
2021-07-19,5539.834401639228,5551.535614387558,5446.284794084578,5528.083806705709,15280045
2021-07-20,5588.236442638119,5626.25241309073,5423.768636735463,5520.402500005729,14623605
2021-07-21,5362.382323594879,5464.765733012751,5338.595468596199,5443.017831358243,24902975
2021-07-22,5588.276125861807,5612.34035220135,5530.729359836637,5536.671539412273,2419794
2021-07-23,5604.380331231337,5690.992817152342,5454.020926472821,5529.995877870772,21468358
2021-07-26,5287.460954022679,5360.055032053844,5220.050055978252,5353.091070896,16432996
2021-07-27,5369.255041685109,5487.261521053906,5324.919561662531,5424.3478067371025,24825905
2021-07-28,5458.4656906236605,5503.278417925119,5349.858722677244,5384.045321350689,6652328
2021-07-29,5386.023158005224,5443.246691736934,5312.437927267428,5379.964219118256,2520436
2021-07-30,5331.137196129176,5473.245951474716,5316.176216955875,5409.982832148413,20868742
2021-08-02,5389.215615303492,5466.438841972821,5338.772965621732,5428.6878218047195,7632392
2021-08-03,5481.472070846167,5525.986849372788,5418.749841300546,5489.715921095702,13043587
2021-08-04,5488.731285603698,5570.703484721219,5415.057123173086,5457.149303719297,5796568
2021-08-05,5540.913442473064,5638.1800930518975,5491.98842008637,5502.425017540292,16968453
2021-08-06,5565.815702521582,5591.747121829247,5457.412108663765,5484.304430571458,5036753
2021-08-09,5513.003923811558,5564.212190565284,5406.935103702565,5548.372937135061,12166247
2021-08-10,5609.340606253268,5710.634753844976,5526.234147213842,5602.916285317706,17533588
2021-08-11,5533.18630156566,5575.504186809466,5466.526270735974,5527.660264024865,14740791
2021-08-12,5605.109863810312,5685.522349605633,5526.502871914393,5621.020963048615,2700662
2021-08-13,5523.829254144973,5622.896176924661,5486.839283168243,5579.203649220237,2663399
2021-08-16,5731.107364473618,5750.537219067807,5625.875193132203,5650.175956664035,6704250
2021-08-17,5744.949640875813,5815.022522334674,5649.992736009965,5684.694631448553,7552451
2021-08-18,5844.55584551954,5909.010991652717,5837.526787858435,5844.848141413826,18442049
2021-08-19,5846.816972867873,5875.214247398718,5742.37161393454,5828.763179322645,3276828
2021-08-20,5754.248520872932,5857.331611831235,5734.8267835984225,5801.719164043248,13913281
2021-08-23,5811.133750322128,5904.937086291036,5771.9729317875735,5803.510189047119,22941729
2021-08-24,5814.411019515661,5885.4520512974605,5704.766294828093,5780.599690778669,3945853
2021-08-25,5856.0935835225255,5872.7332589122625,5818.007393915871,5853.430209258243,21454069
2021-08-26,5799.08764932873,5865.269206204872,5612.0284330885115,5715.027847239288,2590246
2021-08-27,5646.9288562320835,5727.973735520434,5599.97385853062,5628.129498434114,16706661
2021-08-30,5519.910944603422,5630.362189352109,5465.342658579343,5541.360379311364,13874001
2021-08-31,5669.589985940127,5743.029511678338,5542.432799777249,5623.675148113769,15201443
2021-09-01,5714.292092555157,5793.859535744945,5671.205008655242,5771.348361873937,3827346
2021-09-02,5745.793324331304,5849.333952282377,5700.923160046721,5765.768978496483,19094548
2021-09-03,5728.20680646749,5834.441413698905,5636.442298068168,5754.627634066602,16976918
2021-09-06,5752.335094866095,5772.566593205149,5640.6106591730295,5764.127272352201,6416728
2021-09-07,5917.648857092898,5969.861490125985,5799.028897264216,5868.043964883885,14003038
2021-09-08,5787.189441687326,5832.355963359051,5734.067241320106,5789.938556826768,4655687
2021-09-09,5865.397658065686,5945.864046848883,5794.66934166475,5814.11464641918,24832936
2021-09-10,5916.1963983465275,5946.407931117477,5888.6986118499535,5902.6517775441,23697563
2021-09-13,5922.366874719919,6023.31505391834,5863.4233288621435,5950.560134504313,20075199
2021-09-14,6026.579200728675,6137.172432982967,5937.150177657799,5971.052222734526,2267587
2021-09-15,6016.681677488537,6162.282685506456,5946.567854978822,6064.294331509408,23888222
2021-09-16,5773.895406191779,5929.787423009154,5740.265704461023,5822.034964040487,5801167
2021-09-17,5885.522346608361,6000.829224913737,5789.9316660802715,5884.727392192447,7077554
2021-09-20,5788.691157638704,5837.534930534318,5713.728938322036,5830.522372291759,24451657
2021-09-21,5590.355504981982,5746.725682134067,5545.914034589389,5673.917494806511,19969765
2021-09-22,5746.281212702424,5797.101028144029,5608.386766516035,5720.829665895925,23170351
2021-09-23,5844.083511501573,5945.403762548978,5805.490049563997,5842.139162035158,17414728
2021-09-24,5824.06472770337,5867.343881318187,5800.041477141221,5833.5995452813295,10537187
2021-09-27,6003.420365891144,6121.324902132406,5846.96952669105,5920.480032887596,23755890
2021-09-28,6080.173660498775,6157.151403760776,5997.507444254002,6067.214239415538,14926841
2021-09-29,6258.0175250999955,6358.628991054531,6166.839885169034,6190.5225834051635,5403154
2021-09-30,6277.873365211083,6363.1889061916345,6244.835667845462,6346.520458781062,23269055
2021-10-01,6434.3084744558155,6463.170850759855,6327.711560148023,6420.977280633006,5704187
2021-10-04,6503.101632304679,6603.31228105402,6343.04638581764,6432.095232225125,24465042
2021-10-05,6297.055140950335,6305.982752582432,6236.788387077987,6281.394539451089,23872971
2021-10-06,6302.935149722112,6407.063935307992,6203.747519236072,6261.979142635212,7108364
2021-10-07,6162.782250354799,6194.356596229007,6058.52253025119,6186.530441241271,3945112
2021-10-08,6313.553177756901,6477.895149797014,6224.460534504382,6391.701407625885,15104731
2021-10-11,6370.617076664074,6429.299439702758,6352.140262946303,6378.673284546882,4339326
2021-10-12,6374.046859381728,6474.974443733833,6329.908588228924,6394.288736661069,9556484
2021-10-13,6522.0580454386345,6614.831691002869,6442.850520807503,6451.0206608297985,15194350
2021-10-14,6409.503598716826,6507.599208193762,6374.720748594769,6459.110477462468,22981478
2021-10-15,6720.008197803532,6740.51286819217,6613.280149995419,6627.213772775145,3135736
2021-10-18,6659.58295981752,6675.05497902482,6464.891690023405,6569.293644653367,12239109
2021-10-19,6542.500240176917,6672.771801399671,6507.551594970248,6592.411723623542,12724722
2021-10-20,6493.21262209107,6593.997980050704,6365.842626132459,6522.9470937536935,3865501
2021-10-21,6473.623766972059,6571.387262496857,6351.285382138859,6397.704306961098,18364473
2021-10-22,6431.625384251067,6500.347138697832,6272.532493714651,6342.834163329018,21012516
2021-10-25,6332.352919796931,6400.3720370619085,6247.426197324941,6343.116089902732,15235072
2021-10-26,6272.21106882547,6360.0783134442745,6249.541307809824,6306.075251840177,8251565
2021-10-27,6249.250228870657,6258.639672029643,6220.827552498811,6244.362014915719,2041410
2021-10-28,6150.839366277404,6196.2054161145215,5996.64930640244,6116.385301858693,20580353
2021-10-29,6070.89190873563,6231.894231134039,6019.7786251689295,6112.430547495878,16079031
2021-11-01,6020.545584700195,6126.492472466335,5900.35288050231,5978.135524129378,11269988
2021-11-02,5968.50561777676,6093.789293329125,5896.272130849601,6049.878168796744,6422747
2021-11-03,5979.03771420514,6134.740154114341,5953.978216152377,6060.989352620813,9725792
2021-11-04,5911.876259362306,6033.543936211179,5828.441687575573,5932.112884445084,7158198
2021-11-05,5882.187098049384,5963.601616403928,5869.939957476901,5908.158204926428,6633572
2021-11-08,5812.716248497593,5852.884585463329,5716.300972292971,5845.045214263214,8072479
2021-11-09,5874.952902400059,5890.732024075852,5831.429641820455,5876.536083061378,21322171
2021-11-10,5965.961703096111,6062.385815586369,5922.827777749148,5998.220085915375,7042028
2021-11-11,5779.250817443213,5946.3786291503975,5691.3582838582615,5833.103560387155,10349650
2021-11-12,5813.248760386944,5929.520828187678,5732.853050604461,5846.6678080005695,23309083
2021-11-15,5919.280282753538,5933.175246496786,5811.977408837282,5836.132159772701,12134683
2021-11-16,5882.6756101737565,5925.524297508813,5850.169708637769,5898.404280223317,7908947
2021-11-17,5910.985773483043,6013.497168450891,5829.726398279778,5920.806121359346,22853588
2021-11-18,5871.025675444478,5970.758875385739,5799.8492591736485,5857.574635695657,17188429
2021-11-19,5917.636559169168,5993.0047449753165,5723.230735683536,5833.05594686238,17679604
2021-11-22,5722.2019891481805,5843.283976081684,5630.4531853314875,5766.906830062239,8133401
2021-11-23,5895.333600994423,5904.403050340239,5800.299623281038,5863.445467911976,8678134
2021-11-24,5906.8653053962225,6005.7584869526845,5761.047924383311,5868.837930540011,5307408
2021-11-25,6059.172235346291,6155.981017429687,6015.707844368215,6039.725933444385,2889297
2021-11-26,5963.331029283278,6073.6083147679365,5925.41687422472,6037.854148649351,18115462
2021-11-29,6009.034665284414,6095.954496508001,5964.939222044312,5977.318010090717,13843767
2021-11-30,5768.7467031642145,5874.89173550224,5729.380032724066,5845.1851163802985,15066175
2021-12-01,5707.0102215213265,5717.090359928622,5678.462468909807,5690.596949474037,2557715
2021-12-02,5598.744571786446,5625.739446752532,5506.181267709377,5558.791120171433,11956517
2021-12-03,5535.978122141428,5608.937480185883,5488.391704586082,5584.399913677593,24703851
2021-12-06,5688.0681050846515,5730.257711737627,5622.270483114062,5630.364413262962,21790649
2021-12-07,5422.707959763273,5549.4322183700915,5380.4132984500475,5500.20243402136,14413430
2021-12-08,5634.872832503497,5694.953193031465,5469.061455051005,5577.345934186131,18479002
2021-12-09,5533.685718597221,5596.005285716132,5499.112648899582,5540.279362858088,20630194
2021-12-10,5508.731874791153,5589.930926687284,5493.328937969384,5555.802644899532,16225994
2021-12-13,5630.941364888654,5702.342892171072,5603.439986606331,5693.493820945819,24010511
2021-12-14,5852.017251038233,5925.149505796568,5722.076601193721,5773.502153787312,11401594
2021-12-15,5679.94806198175,5802.727556676789,5638.795513417859,5753.710820968951,24956866
2021-12-16,5628.971391196799,5718.162467514865,5622.29342718928,5680.248112197502,14817537
2021-12-17,5475.202836224982,5596.414398313388,5375.130252659226,5500.313580496847,10499557
2021-12-20,5463.918003481184,5546.904661350357,5404.415321221533,5444.280237120818,3175471
2021-12-21,5437.603529214065,5531.6607232315755,5350.938704572657,5430.305022462468,24795671
2021-12-22,5293.033287400542,5408.850722456569,5251.544997397975,5353.152916310527,14666716
2021-12-23,5312.102905334271,5364.4698302728275,5267.188267520836,5345.82522881767,3779182
2021-12-24,5313.224216544721,5431.390103408018,5222.451392788301,5355.195274977008,8070893
2021-12-27,5294.452767117114,5366.59612408242,5209.361308436772,5340.34617677206,6895201
2021-12-28,5277.376458720232,5341.133700849613,5234.159822268807,5291.481802517235,4094035
2021-12-29,5340.533421378214,5352.469593629744,5214.8146766114405,5308.043188513067,6667217
2021-12-30,5301.097193589209,5435.598423733585,5221.784491983416,5346.415615246284,15204557
2021-12-31,5241.1307825538515,5280.031460663383,5219.483158776347,5262.177564798073,16572271
2022-01-03,5357.010399506763,5472.19519589374,5283.162610902208,5374.598651023252,9497674
2022-01-04,5444.450131936909,5539.294529982477,5310.146672133948,5367.725496111729,24150618
2022-01-05,5443.567805594942,5497.062141211717,5358.940612680075,5370.316735236048,13839510
2022-01-06,5477.319208434346,5560.262230650838,5343.300260821449,5428.440835123349,13334437
2022-01-07,5406.289253692384,5518.091117042803,5338.185656679966,5448.516522845778,4807979
2022-01-10,5455.873673221416,5617.372512277247,5409.622582975648,5527.503936626436,7493570
2022-01-11,5521.916906853428,5603.521718831009,5490.726026015778,5552.4156367155665,2559421
2022-01-12,5464.021997710724,5590.175624500181,5448.347982603373,5502.518517010971,18462731
2022-01-13,5534.44042309449,5588.604217861303,5519.036456886156,5533.456718335543,17248350
2022-01-14,5484.954146646027,5588.5010305904,5411.107465418669,5439.632017691686,19974102
2022-01-17,5508.159079035472,5564.56852127055,5364.228087106606,5449.577816865822,18190120
2022-01-18,5504.315474347035,5558.201435748865,5341.560403766761,5447.951391131134,18106387
2022-01-19,5409.166410646597,5518.492058614595,5340.425126447533,5432.033823577924,21971189
2022-01-20,5453.106100822024,5543.6820630644115,5328.777809522007,5422.646928696617,18014341
2022-01-21,5241.067781071596,5331.461050035062,5206.987031860306,5270.662413879779,3381194
2022-01-24,5159.462410695733,5251.423543290734,5121.083652296299,5228.334390160706,21102178
2022-01-25,5268.3272913816845,5320.417384297589,5136.3032188706065,5236.6614198825455,7439619
2022-01-26,5173.059395083446,5352.0858394922225,5151.825444052811,5250.265459176938,24806266
2022-01-27,5156.29518137344,5249.5236837933035,5077.538558148121,5170.382002833898,13750921
2022-01-28,5242.605992398457,5356.063776477291,5180.807801415365,5269.578974853253,9405106
2022-01-31,5232.346707987676,5240.842388118676,5164.1432512687,5202.167239117756,15263847
2022-02-01,5321.021002019185,5373.6423335279305,5216.349678676866,5278.856849890185,17153543
2022-02-02,5282.509389790646,5384.33637248707,5221.150234270758,5313.739089511176,17935736
2022-02-03,5312.499121578948,5401.59303085099,5164.590684555507,5263.293587573678,13423333
2022-02-04,5371.092639822049,5414.970184185471,5304.638406387562,5404.505982846514,17621714
2022-02-07,5300.273309643718,5400.113918467835,5271.291998063894,5308.821623064476,14065470
2022-02-08,5419.739522254923,5481.630876164311,5369.019057794656,5383.07777066595,7676448
2022-02-09,5496.576540882735,5522.679592918897,5398.583684610145,5464.947572729761,11721068
2022-02-10,5490.182501678691,5528.766675900819,5346.394632511481,5411.066997987054,15549854
2022-02-11,5479.614094468215,5560.2916925409145,5443.174195083214,5525.1700568519545,7798164
2022-02-14,5532.361338800282,5593.69487609444,5494.059933699438,5505.55184813409,19365378
2022-02-15,5548.6920794751995,5559.689742086833,5447.946940938699,5530.49422466711,22020605
2022-02-16,5622.349641588744,5644.9075597948295,5488.571964379475,5553.195949900228,9971265
2022-02-17,5485.974181988763,5634.254296591,5459.221782958942,5543.118947702651,21589410
2022-02-18,5654.033719160354,5673.932954144089,5564.41707672891,5611.643672020783,6893864
2022-02-21,5691.189706351073,5722.118642536,5577.9000360957425,5679.557640117788,14605882
2022-02-22,5494.335601135346,5584.91251376317,5449.979401135598,5531.730229731884,13414159
2022-02-23,5636.73902137188,5702.131659242735,5544.004402264675,5641.065451048604,7936311
2022-02-24,5474.085829764514,5586.84114480829,5417.670463651538,5501.520272393516,19192690
2022-02-25,5601.124876983412,5654.33173274274,5532.246835820042,5587.829184578524,5203028
2022-02-28,5749.709486892156,5841.747546372689,5664.332810362066,5683.384288105136,23033435
2022-03-01,5603.140839240301,5674.572927549737,5528.819769954302,5591.515242937729,11576700
2022-03-02,5580.141527869357,5597.712807899477,5476.524502800332,5558.177430689597,21473803
2022-03-03,5470.178417806444,5491.896652570351,5381.753076465481,5467.103525174935,4082003
2022-03-04,5377.179871173357,5501.282177119302,5358.955456029098,5450.572013045084,14062384
2022-03-07,5382.988569351835,5472.824676643276,5292.819237981598,5426.477681721075,11277755
2022-03-08,5489.7075732809835,5574.089744746568,5424.33340522951,5491.025134422594,12349107
2022-03-09,5568.166671079216,5667.438415578164,5476.605348562539,5600.047413331427,11917877
2022-03-10,5663.811708350573,5766.294808565706,5633.752595237339,5718.405855530736,22866470
2022-03-11,5672.032123859286,5696.106754434133,5609.01852597524,5671.328962677179,3179568
2022-03-14,5624.606201002799,5684.690469633576,5549.639931590371,5654.664737386821,7679226
2022-03-15,5472.999867583957,5578.801574243023,5401.08953765361,5513.006491587468,10563561
2022-03-16,5441.581941129208,5496.741771004365,5420.8607776148965,5447.467589266243,7829567
2022-03-17,5466.587547447789,5587.002416935678,5414.773618749125,5527.397052780331,13964003
2022-03-18,5735.114739323448,5759.448092885334,5626.43596068313,5662.452048251933,4541781
2022-03-21,5620.061762189516,5696.467731485349,5542.309784318798,5558.742919194075,5470150
2022-03-22,5544.776832805956,5640.137213766749,5494.656353766707,5510.454320196288,3686150
2022-03-23,5444.2883387206,5541.883787122751,5369.384034206408,5509.373795297642,9238599
2022-03-24,5579.426424221584,5637.110832376056,5523.0955061669565,5533.628358259615,10030013
2022-03-25,5518.047427617492,5625.842590346122,5360.767905876402,5467.534408979489,23723865
2022-03-28,5547.61496679819,5588.287822246369,5432.742018141366,5503.406441143013,7911319
2022-03-29,5402.096341815728,5532.647615561544,5385.999057871287,5465.391164710185,8287399
2022-03-30,5488.894435525638,5503.7897488229755,5384.511927463412,5465.299433239605,11313007
2022-03-31,5566.452287705157,5636.112458334634,5429.548067900233,5511.176597991288,23851467
2022-04-01,5525.602784784024,5540.538509516173,5434.251234887859,5512.809747257206,18233095
2022-04-04,5501.8864498801,5607.662820763187,5431.9988755424165,5477.826623343752,9729333
2022-04-05,5463.083388239123,5549.763426976825,5399.320042068952,5469.915836136554,23901576
2022-04-06,5468.465247022937,5555.82417606986,5429.927941463175,5463.759750055504,15724418
2022-04-07,5358.614475152916,5512.665277968901,5342.556326990951,5434.527731423316,14680724
2022-04-08,5437.090655299251,5503.449540347539,5375.586588780483,5414.518121279388,22517295
2022-04-11,5475.807810182956,5598.389344386353,5387.564442783524,5545.439586017091,20481070
2022-04-12,5582.302543124084,5690.020191893697,5569.580230815586,5593.206847601998,24294487
2022-04-13,5534.890808620462,5676.358255764715,5452.007836747148,5569.535250899533,20105539
2022-04-14,5636.546087191725,5695.626600646159,5532.328331340823,5628.874839812596,19927891
2022-04-15,5540.209174642863,5706.564464699581,5438.875304481506,5601.815192876658,9844286
2022-04-18,5734.289670179676,5803.578957570293,5648.5103900835,5701.509967184795,10126991
2022-04-19,5785.013261480452,5849.974908300309,5631.9723216623515,5734.263048824873,20799817
2022-04-20,5668.349625885968,5781.353153476353,5569.928607753293,5726.180420643291,16948057
2022-04-21,5697.337949392897,5794.474498095451,5615.869316223394,5765.781275145901,15596252
2022-04-22,5571.190645014874,5637.103549417164,5489.580541755769,5631.074506853383,5370116
2022-04-25,5599.672013540588,5630.96644308694,5489.8546269843855,5537.027048214808,11225354
2022-04-26,5443.572146423043,5501.73530089669,5414.595924866793,5438.972527814877,23148316
2022-04-27,5446.3677570817445,5496.53128465545,5416.225616108874,5451.722275802349,14283372
2022-04-28,5528.48306998343,5647.756850401669,5445.485085000405,5594.490479495328,6024389
2022-04-29,5808.800006367566,5922.840204670845,5694.15040716016,5782.854188962795,21209007
2022-05-02,5903.823538041634,5949.018340646656,5829.722396000554,5839.3571070716725,4460686
2022-05-03,5942.329374694933,5999.325083372241,5767.627082705529,5884.394124657655,13970282
2022-05-04,5748.2549433601,5768.585345436966,5707.785348019649,5726.599000247322,16247713
2022-05-05,5608.7422970301495,5691.986948053952,5517.851741158922,5681.129191462112,16945531
2022-05-06,5549.839632132532,5703.474553180975,5538.731084994329,5615.132898257523,18122301
2022-05-09,5488.734943833744,5629.857712030085,5414.658090116541,5563.963798231014,3917953
2022-05-10,5510.656097364394,5636.825845051564,5446.548891985117,5551.043399198129,8956779
2022-05-11,5452.588426341506,5534.054759613206,5416.793773651469,5512.84467860073,11356623
2022-05-12,5311.759401626436,5413.753302642382,5264.833789168859,5350.273661131666,19684449
2022-05-13,5392.706794135266,5442.856446399733,5317.429176337784,5411.366584026831,14050992
2022-05-16,5396.145237880207,5424.9238221750265,5274.904071509213,5325.373770902593,11059405
2022-05-17,5363.250652771643,5369.7884245698915,5312.853603623599,5345.550030280397,19907739
2022-05-18,5568.326399526278,5587.684540073481,5407.101712767729,5512.925830457743,17196719
2022-05-19,5472.317679370592,5509.945850780244,5330.39804589951,5438.00092967761,8091209
2022-05-20,5171.863377337222,5249.545856934416,5113.438242695119,5232.692941347853,14575664
2022-05-23,5248.174391817094,5351.727749606418,5120.118818279752,5211.290895840707,24663020
2022-05-24,5262.64602260535,5334.7627551593305,5223.821070172472,5298.3944678582175,22262472
2022-05-25,5477.861004664767,5496.90289851611,5368.179550042349,5455.095606515588,16168931
2022-05-26,5330.024755052559,5381.190356075717,5267.259295126491,5355.576966776535,11710583
2022-05-27,5477.121139737385,5543.757774618101,5308.886830880678,5396.5497459606095,11033756
2022-05-30,5321.942330928192,5371.8451009265955,5270.964446553162,5359.962990499864,21793851
2022-05-31,5317.050558292925,5445.5769811670025,5222.4337272363055,5352.516794228346,17067804
2022-06-01,5637.807985610996,5746.440054422154,5457.021362912431,5565.895680206412,2952602
2022-06-02,5363.928391888714,5472.480724682046,5261.860886512861,5441.528218468058,7463518
2022-06-03,5495.564787708604,5548.057378970774,5453.11604836692,5463.32749703426,7776902
2022-06-06,5539.9450045356725,5547.814798726979,5407.568963224945,5502.747577015885,4398901
2022-06-07,5649.915954501911,5724.345089953491,5556.895031180148,5593.4702475620425,3172685
2022-06-08,5682.555727833612,5732.9292835110855,5497.984705446997,5602.809929417082,12680233
2022-06-09,5710.14631263589,5745.155852682237,5528.792868707164,5629.8197207254025,14483017
2022-06-10,5524.866269955453,5625.469000083776,5467.786936059208,5597.872022242572,7807290
2022-06-13,5675.8671276280065,5752.07380841231,5558.810834635534,5621.589669269435,20985881
2022-06-14,5618.327439081004,5668.376194275257,5583.034792294649,5593.77469494565,17713686
2022-06-15,5672.008887223393,5697.042448707564,5635.481579597631,5647.047446513133,10425288
2022-06-16,5554.243458949317,5696.027688216846,5525.431177634586,5616.868749437034,12536804
2022-06-17,5675.219635727871,5741.826132373211,5601.401626313791,5649.7639744555645,11402887
2022-06-20,5730.171848389952,5829.388450525308,5584.272007606218,5648.414007392227,2699444
2022-06-21,5815.925968871913,5834.723286329639,5668.928994375692,5744.949660336041,12838406
2022-06-22,5731.185085483117,5833.121231125414,5719.692130227044,5741.669834945013,8837896
2022-06-23,5512.963342111433,5667.2414770396035,5465.85654461359,5590.115663325778,19386242
2022-06-24,5673.5123757686115,5715.194275368752,5622.464256146827,5697.047993663876,19983309
2022-06-27,5675.824513954057,5756.430268564788,5533.137520653372,5620.7873974512195,24752144
2022-06-28,5600.442434510439,5653.027220241177,5460.394687501702,5566.791330973383,7707249
2022-06-29,5511.435403773863,5622.7610959862395,5500.184265931246,5518.165857321412,17074475
2022-06-30,5557.85129014333,5653.824518624881,5479.824448689994,5633.035150873934,18443949
2022-07-01,5441.745997446353,5525.771218309252,5378.671761375028,5453.7068391317525,17229785
2022-07-04,5706.175584164512,5758.6462511639875,5604.481029775338,5711.482990062036,24015131
2022-07-05,5877.708563139029,5990.43994957288,5779.316400000802,5803.100044182847,7447565
2022-07-06,5848.342094375725,5890.856751804153,5710.276440699835,5823.692830478378,2048648
2022-07-07,5787.176529405568,5932.282000842576,5763.135582336514,5820.062282077093,12679922
2022-07-08,5850.595867319549,5956.656821689914,5744.8147552025985,5846.1554320420955,13762329
2022-07-11,5816.305720955895,5929.190245362856,5797.953637022301,5893.023103859937,24586497
2022-07-12,6035.606713350435,6133.789700774537,5914.728979885685,5951.235763805323,17975242
2022-07-13,5976.8262936363735,6121.563198617049,5875.989673303586,6002.024008487229,11278544
2022-07-14,6007.298022242443,6046.158461757385,5951.733770677218,6011.289394282786,14878118
2022-07-15,5968.671911727912,6050.441070034973,5884.755189762164,5994.697776865473,21208145
2022-07-18,6015.04931783585,6080.513710061793,5882.906882800812,5982.2941521625935,20848012
2022-07-19,5995.036945775515,6034.626320777761,5944.0723677193555,5966.000631006597,3614468
2022-07-20,6107.856431858627,6115.7357618217375,5993.809797359703,6068.654927832678,17969841
2022-07-21,6081.303992289007,6155.636862942607,6005.727556587392,6123.900022732514,14500343
2022-07-22,5822.647142183726,5892.244340669838,5724.988812409651,5855.025112337115,4746455
2022-07-25,5847.31516248252,5969.55849650111,5772.927068216926,5913.80085012633,10142958
2022-07-26,5959.933834997894,5985.269198389505,5911.8553803235645,5932.258076404529,11413191
2022-07-27,5849.885088011888,6036.130627887623,5773.248349593574,5931.7797504469245,24719641
2022-07-28,5915.682093903304,6000.828349145352,5887.074854338359,5898.3970180064,18131534
2022-07-29,6065.568185681803,6081.452750683208,5986.914810817129,5999.0336441420295,15800192
2022-08-01,6156.849334869375,6239.054088436929,5980.5409828337515,6085.497097745706,5191963
2022-08-02,6006.966109317439,6096.897776107917,5907.063738254602,6016.16402509846,19958512
2022-08-03,6046.709270756697,6170.146883943989,6024.8855320171915,6054.10065779547,24363453
2022-08-04,5891.3461788541235,5973.383426141485,5817.483175516338,5967.073862790962,12993198
2022-08-05,5874.72556084752,5908.2744533128825,5728.373099254222,5844.783025187366,21355885
2022-08-08,5846.819051457584,5955.733819559481,5705.32033381307,5791.006588854264,5869005
2022-08-09,5822.132833115221,5976.852883141089,5771.800208735721,5867.076684383336,18592353
2022-08-10,5938.078141903565,6039.574566714898,5909.492550544146,5952.130965685631,18098974
2022-08-11,6060.112909816241,6154.344654293192,5894.352151934165,5999.130666133812,8678213
2022-08-12,6134.203284944596,6150.999814389462,5957.007516247672,6065.579657828502,21300733
2022-08-15,6066.6525289542615,6179.562861686006,6051.605777220946,6113.756581532126,13430576
2022-08-16,6065.33930054977,6098.092598799995,6021.46066653766,6056.151397977542,22353284
2022-08-17,6040.357070408585,6123.687515237551,5987.237037249723,6096.5994530983135,19765710
2022-08-18,6097.311048564265,6272.193921389247,6064.474278740964,6171.0154170953,4962227
2022-08-19,6319.058069517437,6341.590090305346,6168.091202331855,6242.070771557632,13472874
2022-08-22,6415.739685683729,6479.283616587941,6319.1201670783375,6354.6384068018815,6149956
2022-08-23,6473.533994167079,6595.449972824014,6340.33278663639,6423.424556949883,4212746
2022-08-24,6371.142004282306,6487.834312969878,6273.267226689333,6458.571757563553,15606341
2022-08-25,6631.220414344866,6761.072143934382,6523.180581431949,6563.538103498171,4775614
2022-08-26,6550.042622920327,6692.772317391271,6471.270327086408,6562.239711684361,3833601
2022-08-29,6446.123063812556,6551.5960460414335,6437.396076679704,6476.746066771483,24134526
2022-08-30,6471.209451408139,6498.6002177176815,6375.865695784884,6462.19926622469,22310870
2022-08-31,6312.93271643432,6436.063370823366,6297.231322691032,6391.286066207779,13435221
2022-09-01,6376.5559749826025,6434.361774819861,6313.447788159033,6327.835460905271,4503240
2022-09-02,6331.001946616248,6374.541261627265,6218.096487916091,6315.383672457704,10962990
2022-09-05,6182.895020244496,6281.102372100953,6153.008157444796,6241.580211729995,6847418
2022-09-06,6155.876312754285,6334.997224454056,6083.411895168867,6213.996028931804,14471533
2022-09-07,5981.532955138454,6062.37031475769,5966.178179504257,6038.735117825923,17516974
2022-09-08,5978.736053572177,6149.747600888087,5910.293642631186,6059.263227866352,19530739
2022-09-09,6076.547942923184,6082.67186059161,6025.080349930242,6060.584644899942,22900460
2022-09-12,6048.65144687785,6123.216020476527,5920.889438840504,5987.516239664309,9875904
2022-09-13,5960.378404233499,6159.22181959506,5866.96863154039,6047.9224050972525,8555706
2022-09-14,6051.19256235342,6173.880039854006,5953.088525440263,6134.187261203799,4504037
2022-09-15,6000.569356615264,6027.721894129643,5916.146140101347,5987.49800003152,21387071
2022-09-16,5976.937589849967,6056.920467228353,5886.770251045272,5920.193303337931,11462407
2022-09-19,5822.651961718682,5938.175630271837,5773.138215217497,5853.075271170733,12939642
2022-09-20,5745.686497570706,5852.949107768383,5705.949079862744,5771.726032249013,9794833
2022-09-21,5861.586371226867,5903.010323566777,5759.1511480563195,5844.692900529559,4517850
2022-09-22,5789.38652034477,5862.628934907349,5726.55588068166,5828.869025251328,4786655
2022-09-23,5724.439221211293,5918.182079308841,5614.7790587115705,5806.907463577858,17466041
2022-09-26,5673.280168773889,5778.478047954686,5608.360891169066,5633.5251952727285,11592496
2022-09-27,5709.788760025768,5765.110992325637,5681.565765202489,5688.346552552497,13354356
2022-09-28,5597.271878961813,5692.860316333115,5515.235632448784,5583.74425359171,14514863
2022-09-29,5630.41029329955,5684.42927211594,5479.24753980137,5589.880729640212,4148652
2022-09-30,5643.769990623501,5694.921686700533,5520.0830688946,5614.256265791226,7044661
2022-10-03,5679.406826747666,5752.762052233753,5636.232036691222,5729.965407753732,24373219
2022-10-04,5593.753383028996,5669.758035596772,5546.930909749229,5618.618966656558,10222819
2022-10-05,5305.079873270988,5425.409881002454,5278.392295873506,5365.260366418715,14270292
2022-10-06,5321.375809092828,5388.811433331758,5240.617525361601,5381.129428629766,6418349
2022-10-07,5556.755267481136,5609.200741085057,5497.185737528514,5527.537410096566,13190751
2022-10-10,5691.950024656228,5782.143345065521,5592.351926882409,5631.367752303217,3767588
2022-10-11,5728.640070694739,5808.387753446241,5571.8553715643975,5650.204064905842,14765071
2022-10-12,5631.26596961805,5704.855256386005,5555.613229951853,5609.666434101128,10599469
2022-10-13,5624.886845993669,5782.519218843087,5528.128680729247,5678.703695466362,4938493
2022-10-14,5530.698018040243,5604.426690356279,5467.641012120983,5596.91223017592,6484045
2022-10-17,5690.939436843685,5756.862733733268,5619.659146530942,5638.023602000692,20415703
2022-10-18,5695.323587354613,5786.21883383063,5613.731187785942,5681.89899703342,17082712
2022-10-19,5793.882647086458,5859.268769655193,5750.023413398901,5773.395460983768,18245549
2022-10-20,6064.316770936106,6107.700987106393,5960.709209836454,6013.539271213578,16614706
2022-10-21,6087.034776686517,6108.879688096306,5951.193064600923,6050.139111507033,2878269
2022-10-24,6065.413884177577,6173.764608260422,5951.359515138161,6005.159628255923,2049314
2022-10-25,5924.121482648538,6063.764250212968,5862.591680487874,6004.056992775138,15601360
2022-10-26,5889.342989912416,5993.491242916691,5773.292832082173,5845.9333158112,24586349
2022-10-27,5847.086759153535,5918.018881482807,5683.611997364572,5786.183802904887,15466793
2022-10-28,5714.914917230696,5831.248887119819,5645.864255510119,5751.818288452116,13864437
2022-10-31,5731.800878778276,5825.120110694293,5601.4875809604955,5707.75173362972,16068419
2022-11-01,5690.036749963326,5799.320565848059,5586.914006076199,5721.937340751107,13718858
2022-11-02,5730.154562296019,5779.222116324163,5584.112664437042,5652.4941984061215,9533006
2022-11-03,5668.208114226954,5810.52416797422,5587.732302028953,5748.673987395106,3429911
2022-11-04,5763.605463754767,5857.3093831181695,5735.95767755998,5749.84157742322,19106113
2022-11-07,5692.659381928921,5796.762244160551,5619.442732669363,5750.189415141212,4394538
2022-11-08,5759.494055858401,5807.725831155235,5691.0044981095525,5723.05760210164,19145622
2022-11-09,5681.737066913816,5753.693680329085,5625.344139054234,5737.524691967577,13788604
2022-11-10,5763.562344757817,5916.447663384559,5725.393889160802,5809.682521908423,13371998
2022-11-11,5734.309640597269,5750.9337209655105,5647.963573977818,5735.2781895362905,4458020
2022-11-14,5750.493514363112,5827.066938623978,5667.858816525183,5679.808027984685,3586444
2022-11-15,5606.159166806763,5705.118683911695,5550.499432708344,5655.067406541978,5774150
2022-11-16,5482.884545883982,5590.2867608701,5459.829879124656,5542.033558132098,7076703
2022-11-17,5517.573875924055,5594.331521555362,5403.5100460818085,5475.036646573624,22543653
2022-11-18,5437.122805208421,5449.49106842523,5338.633492236231,5437.021752885134,4692787
2022-11-21,5577.4811693070715,5645.974924142264,5469.755298458052,5509.42025217605,19899947
2022-11-22,5473.570360543729,5618.902719398206,5364.905939974666,5532.220546778108,6940172
2022-11-23,5573.686053414471,5666.967499527842,5488.518039009246,5549.391722167211,17086807
2022-11-24,5576.283849293836,5645.165971039711,5485.1854168910495,5621.331092126603,10503135
2022-11-25,5553.095972970959,5712.153813888655,5508.227704868732,5610.87217376537,4822097
2022-11-28,5675.920058569427,5752.3564011453045,5637.004950926813,5644.857073619614,16878575
2022-11-29,5653.089661766661,5753.461632324704,5574.242159894158,5637.2459644014525,21389921
2022-11-30,5704.088016931063,5762.3856994909975,5635.5222404890865,5660.81210609319,2726272
2022-12-01,5580.379444024433,5675.874099289459,5522.610795482336,5612.460959555335,24567153
2022-12-02,5399.825465268632,5508.112910014203,5342.700498869705,5408.266960422444,24480425
2022-12-05,5383.146142429097,5496.158114116089,5370.646726704999,5398.455350469647,21083358
2022-12-06,5594.83356967664,5648.068727726186,5497.700538529036,5514.744675855231,9362481
2022-12-07,5557.610031981715,5627.215930917862,5529.434109762908,5592.465246663507,2139648
2022-12-08,5639.6383118264275,5722.632961055645,5558.590276223482,5674.568017939727,10827698
2022-12-09,5755.6951919865505,5829.292530719702,5700.182432188335,5780.92054944263,20296207
2022-12-12,5800.984106594639,5838.403184168424,5698.599212585804,5789.764570894315,13832825
2022-12-13,5764.902975017948,5843.505350909685,5698.228512688934,5808.058696188762,17846566
2022-12-14,5827.114846403556,5928.274701046087,5693.25178143116,5755.409930990576,6581024
2022-12-15,5689.000531564788,5742.60825797552,5665.113332914775,5729.2740801593545,23989462
2022-12-16,5852.012854158739,5933.2072646205,5766.130661019552,5783.3387602907915,2855860
2022-12-19,5818.8792434146035,5914.158220208635,5748.341515970972,5888.932500968688,6942312
2022-12-20,5905.399733959343,5949.959588906041,5762.213791071399,5877.792441893929,6198625
2022-12-21,5910.571240230781,5923.393146735295,5818.101264431049,5839.276214506827,6986512
2022-12-22,5782.450342325181,5876.289593333516,5685.94873375772,5840.490313213632,5123544
2022-12-23,5977.142733244277,6070.3861619822255,5846.0879288996175,5894.328544176663,8569719
2022-12-26,5759.696240037161,5870.605000982658,5647.234986461894,5767.8490900397555,5831657
2022-12-27,5644.825852963095,5674.229840505701,5501.217804317129,5570.342281540975,8421534
2022-12-28,5554.76651167301,5609.2443784520865,5518.4567745029635,5525.456169643244,4791108
2022-12-29,5393.092329070745,5479.293856032603,5295.5484303556195,5425.386365800259,19092327
2022-12-30,5334.76275354823,5479.885533909811,5271.013244955467,5385.118589569957,16647709
2023-01-02,5342.615037892326,5457.5227586134615,5266.941432047161,5374.258395157323,6085572
2023-01-03,5273.611235553258,5396.17899995974,5258.827585878849,5338.7951358271,22785099
2023-01-04,5397.885687135203,5531.170096015325,5379.0873453812865,5456.1792939739535,15817990
2023-01-05,5418.970791068433,5577.787415934376,5335.064945391344,5484.012200118312,9348227
2023-01-06,5497.089048201283,5516.334506020985,5395.6269006430675,5509.826078367263,15582513
2023-01-09,5611.675168567278,5660.243715411076,5517.383727605018,5562.351840808888,13264745
2023-01-10,5409.61321966257,5568.176884993832,5335.993823248572,5468.44545384112,20568986
2023-01-11,5493.1694411099415,5638.461969342942,5453.451647577903,5554.774034881154,2782129
2023-01-12,5573.451266586763,5636.509216814771,5441.967510761384,5549.572187313854,11322188
2023-01-13,5555.563044788553,5668.521347429861,5458.532833254729,5606.49531053494,10191187
2023-01-16,5450.87086054843,5559.451098815436,5412.9386449965505,5517.476171338008,8859186
2023-01-17,5336.116804465487,5448.683631195216,5250.925926204342,5389.987262059758,20355472
2023-01-18,5526.562983018235,5600.907860068342,5436.968035475253,5457.19148209005,9848225
2023-01-19,5542.032590699783,5591.627673571097,5385.423711245195,5489.095003280421,20342690
2023-01-20,5392.209877509146,5494.825188296316,5306.442237402994,5415.9211220852,16313954
2023-01-23,5371.346095588668,5464.61099254877,5340.861301636883,5346.353906545018,22396005
2023-01-24,5443.758560228419,5465.2015911510825,5373.667849422242,5437.67776716959,17336117
2023-01-25,5370.135333514188,5421.577972665226,5306.261988659219,5341.750723635248,2623761
2023-01-26,5504.440984975944,5552.61795371102,5383.951090241515,5474.4403153312405,14511661
2023-01-27,5422.440296192154,5498.689736746514,5356.138532986737,5401.579286515614,21341743
2023-01-30,5416.111279503613,5485.733447100821,5382.509807986762,5454.384471403593,18234016
2023-01-31,5353.512833002283,5500.055289351735,5278.430115752261,5428.58917563075,17477848
2023-02-01,5471.488534413729,5575.61457206163,5448.2294835687635,5478.791744854628,23630192
2023-02-02,5498.921493524256,5548.10659900109,5388.781648749722,5435.171193657953,5453705
2023-02-03,5434.292598238406,5533.790682466889,5354.620360737416,5422.986118192445,7771486
2023-02-06,5481.519844202768,5590.438252173593,5376.3557022027635,5427.399277218166,14170987
2023-02-07,5425.75560731669,5442.118324087046,5298.551492918849,5346.895684976427,4459288
2023-02-08,5352.813053876147,5436.7330467010715,5262.592302835194,5407.381721551208,18581075
2023-02-09,5397.713247569014,5500.578630937712,5300.565925153423,5366.8360730166605,8449720
2023-02-10,5377.478104660626,5480.769919637017,5277.4229343561165,5349.506566152233,20720065
2023-02-13,5346.679581986431,5361.952041960533,5205.519930558942,5270.7872898377,3149302
2023-02-14,5143.107784614611,5149.716531576121,5041.180600986717,5069.258712079143,8380655
2023-02-15,5084.061021658889,5104.706887308248,5000.984336299316,5055.7470265744105,18742926
2023-02-16,5199.420159926628,5344.119263924939,5188.324633241376,5239.7217746410315,4478491
2023-02-17,5349.92854135537,5373.575186537158,5225.9744239913825,5302.4363415726,19807628
2023-02-20,5239.459392372878,5357.892195597416,5176.053382861492,5301.964924779072,18945777
2023-02-21,5326.598351727522,5417.789378879692,5255.454565644501,5282.117748431403,22174075
2023-02-22,5349.990216029502,5357.414026179421,5234.083684886798,5284.954184348442,16001139
2023-02-23,5310.65089327423,5395.922571178728,5259.634310183393,5329.383667041545,16589301
2023-02-24,5256.574881428653,5289.499351614927,5136.639934268492,5236.054475798849,12331789
2023-02-27,5313.462517989577,5417.186576999963,5247.434210613003,5324.621423146769,6746865
2023-02-28,5372.773376111422,5417.196795631004,5292.955137391038,5382.823367600159,18431553
2023-03-01,5410.929724747358,5518.337529521598,5405.450440553519,5441.887935872943,6748065
2023-03-02,5521.852775009298,5598.110517203821,5401.291697973896,5478.768350958141,19362914
2023-03-03,5553.20297555441,5582.12615258724,5463.965294762301,5481.476231478215,18381464
2023-03-06,5611.121600610958,5620.442710510809,5498.2920252030335,5537.8966198050375,6601199
2023-03-07,5533.644003508396,5637.205577706636,5458.814814263274,5588.165281490987,23326645
2023-03-08,5622.109159575306,5658.622902637402,5505.8291239122145,5559.606344410559,22530638
2023-03-09,5552.151219442732,5643.043139843551,5490.667347081508,5512.883264843,14774667
2023-03-10,5481.460683043528,5611.909902677246,5463.832292674424,5522.408669479499,7617789
2023-03-13,5578.458997881767,5706.557208408075,5483.890080373561,5651.827985920627,11466617
2023-03-14,5509.296141955847,5617.39059099791,5434.655590055359,5547.910050801816,24832461
2023-03-15,5494.004474426608,5562.574764107428,5352.9214706945995,5426.894160236873,23934044
2023-03-16,5463.13195359731,5554.453693666621,5336.91066293115,5441.391633776053,12151279
2023-03-17,5482.75352187991,5532.509761575777,5399.60999625149,5446.63341082993,13150890
2023-03-20,5422.092489539411,5495.931251618049,5401.713994144118,5461.884665021827,21205797
2023-03-21,5519.05062424686,5552.3617563489115,5413.055443174033,5482.963705414423,6622791
2023-03-22,5388.328717148568,5526.8515421589245,5356.325724553125,5465.703150238566,11641647
2023-03-23,5568.038901366356,5642.227518925328,5523.08426944435,5588.943560215504,8140994
2023-03-24,5476.597340406837,5527.870858380088,5385.674087305825,5455.850919212101,17445057
2023-03-27,5331.922693640581,5403.860770599854,5239.574518743164,5389.139745582766,2023439
2023-03-28,5434.021663321018,5513.648942575166,5346.7656401136,5381.870758554285,11795154
2023-03-29,5208.560764643749,5276.867416592643,5188.959586936666,5250.295685502983,12890077
2023-03-30,5261.423583870873,5286.373880478017,5200.997550378402,5237.496430327088,15320591
2023-03-31,5353.8029864234195,5416.548625850825,5248.5455664381,5369.073090544586,20263925
2023-04-03,5387.306914601865,5416.009346377555,5286.462197580681,5371.829021396683,23326009
2023-04-04,5327.999850413469,5456.693651036227,5228.473451037457,5391.492674509995,7093659
2023-04-05,5213.982955422917,5333.289522332098,5166.20898093727,5290.658436543343,23841411
2023-04-06,5307.22016144354,5357.794375157187,5213.3013529014615,5242.802202979595,19021577
2023-04-07,5178.307701982138,5272.777634478222,5085.621196007949,5214.344557280506,15318834
2023-04-10,5240.316148485092,5265.82168385336,5169.403591292271,5190.53728640891,20260204
2023-04-11,5370.628983985138,5391.892812390345,5241.383038238861,5291.361692454117,19683246
2023-04-12,5290.484134641542,5431.292964189582,5254.029584079183,5336.684141516783,17618461
2023-04-13,5211.801971244117,5297.281633747692,5203.758259138761,5248.778977553859,23845923
2023-04-14,5294.98087180709,5341.734380506464,5172.22950382324,5269.236469832876,23420040
2023-04-17,5383.810386384253,5392.837048996525,5294.394484000091,5309.66904023549,23467164
2023-04-18,5468.91929719622,5526.132668497982,5306.449243137784,5401.538184809896,5957396
2023-04-19,5531.155862846163,5594.925801698318,5461.358429953244,5530.678755514029,24506047
2023-04-20,5495.801532766497,5559.651626087402,5426.748249591727,5447.572493041311,20567022
2023-04-21,5323.58704286277,5460.091354926434,5308.781244938022,5382.403931432238,10469178
2023-04-24,5357.602649525848,5381.026918013795,5227.127514636383,5281.948532039963,18349549
2023-04-25,5337.8008314390545,5368.718652526976,5218.599638640836,5264.463708977196,16998645
2023-04-26,5248.852765522835,5389.322503168173,5214.497971028879,5302.343502783746,5926427
2023-04-27,5349.547041145199,5484.168249749095,5327.1988520676705,5381.931772870958,2952573
2023-04-28,5312.379192360419,5396.140566374065,5218.396363278345,5376.876710815676,20554398
2023-05-01,5315.501289268945,5408.113988080106,5291.00382807707,5352.155375675823,19471136
2023-05-02,5416.266255913462,5443.723198769472,5307.163733290019,5365.4092920611965,7694166
2023-05-03,5279.923971284461,5310.616924608152,5219.531382919539,5299.269121650539,2435643
2023-05-04,5398.924490064326,5505.698268647223,5334.429452558426,5466.424395870423,21786408
2023-05-05,5310.440222999462,5355.59780857695,5255.610034541323,5335.695318865673,5075152
2023-05-08,5428.832633751505,5507.489515285204,5340.609473629051,5351.5482495597225,23568560
2023-05-09,5536.516338101581,5598.19746442387,5462.20291173944,5515.059954014382,9548352
2023-05-10,5502.849977942879,5537.318625305429,5492.451645296755,5516.725489261581,10755055
2023-05-11,5447.06075381099,5508.571154714135,5356.778513335513,5502.102936534222,7401882
2023-05-12,5553.538453864361,5644.366486040059,5439.539175812406,5473.702834464089,16645720
2023-05-15,5512.541355119788,5536.508196534809,5435.04820990408,5459.986418134333,20735519
2023-05-16,5536.976243591637,5643.284327043166,5497.682802623151,5573.514425806315,13230162
2023-05-17,5320.195294240917,5429.6035021501175,5275.141344481492,5389.7114646311775,11814615
2023-05-18,5441.407763919528,5581.623129885544,5390.973765032241,5514.760884926032,15376632
2023-05-19,5336.595305544892,5435.844660738446,5317.157713296863,5398.072089010877,22032514
2023-05-22,5390.590714520732,5404.885761418503,5353.959997088084,5377.560575990029,15464891
2023-05-23,5412.751273108641,5441.0927102923,5249.548269565091,5344.011770024301,15105611
2023-05-24,5391.73229799271,5416.918515333819,5370.829444116592,5392.259106392421,20431202
2023-05-25,5318.233772094562,5366.801838396493,5200.207625860558,5264.07504936981,18445518
2023-05-26,5293.01487853005,5373.232618125393,5212.66818177972,5301.621538380024,15491953
2023-05-29,5497.852625693041,5530.9074498332675,5444.680777219202,5463.663715175213,23104159
2023-05-30,5390.274287035893,5396.900706298974,5289.917085861381,5353.03758272279,10960774
2023-05-31,5316.822755078289,5427.65077390146,5292.147003780268,5369.340753912726,20923218
2023-06-01,5294.96066722435,5383.612376899073,5215.560977413173,5317.0985037794,5015750
2023-06-02,5374.174953265444,5477.867183568664,5245.4861776264215,5352.129186882572,14399812
2023-06-05,5285.772632849806,5420.064329638063,5229.815988401074,5354.73683339551,17773753
2023-06-06,5282.249976725874,5357.072578177412,5186.664160611421,5304.28287706218,2058791
2023-06-07,5349.740141175081,5413.373325522776,5313.876327834161,5344.160922740116,15379028
2023-06-08,5571.596903291782,5675.396377437208,5408.8699606911005,5489.870654814799,13364975
2023-06-09,5471.065020219684,5566.899261204981,5407.760789206886,5475.248072084314,10209842
2023-06-12,5587.941468401426,5627.820348763759,5433.900441356918,5535.455920975444,2139118
2023-06-13,5418.115611892891,5459.083197647374,5339.263205691838,5429.180180378359,9268516
2023-06-14,5399.967873125526,5432.313889313066,5324.802277744176,5352.3760351022365,24722262
2023-06-15,5406.806457197236,5464.032095413321,5299.074547169865,5391.3739509176385,4726217
2023-06-16,5576.406508029109,5660.816236377543,5470.005671124686,5512.473593153643,24639736
2023-06-19,5528.171414316239,5601.521059475365,5513.970046140256,5542.980725790582,12739924
2023-06-20,5535.326944535927,5547.992500595288,5478.975221643202,5518.060202497084,21247610
2023-06-21,5540.632766671327,5622.346203263584,5493.769226123055,5519.105163524587,19366568
2023-06-22,5403.266673075519,5505.056846985268,5306.388592299652,5416.692007841341,11756512
2023-06-23,5408.557212248107,5502.429758891302,5326.151919094553,5466.89244629621,10416032
2023-06-26,5472.785550310212,5615.790631347595,5456.346606093942,5540.340124088469,9026855
2023-06-27,5424.071766274874,5553.991335281471,5389.287230155257,5503.877178952672,5804130
2023-06-28,5527.426218299169,5626.329935640326,5423.27101267819,5466.172140635471,9304737
2023-06-29,5445.67022426215,5582.704952303817,5405.435260041227,5489.06541763948,5644221
2023-06-30,5407.000438624652,5514.110155834757,5341.41249884943,5454.205482718492,14852195
2023-07-03,5488.476790164539,5566.076197585595,5345.501837094489,5449.885810775855,10661978
2023-07-04,5592.264993635837,5722.61520103824,5563.768988293361,5622.624447718343,9707410
2023-07-05,5603.931018374623,5662.316264046155,5563.109360442177,5602.914981444448,23445034
2023-07-06,5517.48524051091,5612.6678954247,5456.700677096095,5573.919323347545,14928708
2023-07-07,5597.040141223021,5682.784874276493,5504.858112473299,5520.893920465637,3040062
2023-07-10,5642.520156978441,5671.7555144267935,5507.617444311155,5583.6271732164305,6789239
2023-07-11,5630.350080203108,5677.544191509717,5489.319904713465,5569.56557538071,22515849
2023-07-12,5501.000323901562,5612.683758666564,5482.204121895811,5516.428602698555,10549495
2023-07-13,5671.153213309421,5754.882258096148,5599.534075243797,5626.865078766471,18653946
2023-07-14,5686.401213364344,5797.656522911748,5628.312443679505,5747.809170359371,23669110
2023-07-17,5613.207175429714,5726.134495246429,5514.886014295572,5697.19193103465,15622631
2023-07-18,5459.057306657066,5581.8209025792385,5372.183822791265,5538.8208241731745,3817820
2023-07-19,5638.245652676313,5674.319029030477,5581.279801458022,5623.635155426634,10049412
2023-07-20,5559.558749184941,5591.20078524533,5489.040102471263,5567.008257108756,5673547
2023-07-21,5637.187978872394,5722.441006779663,5611.00346953149,5634.142947342488,24684799
2023-07-24,5387.964923228675,5500.432592477745,5377.453785873719,5468.772077980551,11142988
2023-07-25,5530.2303595917265,5596.462396631984,5504.277550276198,5543.087003404713,7118037
2023-07-26,5479.10271327261,5524.750923285812,5373.669465309971,5443.49115010412,21622030
2023-07-27,5494.785625462889,5612.4590772668425,5467.229507186062,5504.248468558424,11519308
2023-07-28,5544.889401079381,5591.636992029475,5433.166444071835,5506.527755928841,12967680
2023-07-31,5385.3537681805765,5442.514512107832,5294.744661475892,5428.835653124293,19534974
2023-08-01,5447.474133736072,5462.218753679724,5292.264010026205,5396.77542153892,17947114
2023-08-02,5467.880938605566,5534.72206877971,5384.311088743254,5453.413375321014,12475116
2023-08-03,5415.761872317602,5530.843550726485,5400.42241337174,5463.166351400943,19704244
2023-08-04,5468.613076453873,5561.519301117652,5384.072393323853,5512.1501646248125,3828864
2023-08-07,5698.472751727406,5750.927365238397,5585.409602328223,5676.66915405736,6282378
2023-08-08,5599.490839964022,5610.828235872253,5535.8853399149875,5544.609256287776,11545529
2023-08-09,5665.84277162911,5741.648437735643,5555.217634265583,5680.220355327374,3504895
2023-08-10,5648.987956154625,5750.507879847474,5620.346801202509,5690.247870206219,7297083
2023-08-11,5676.49084626714,5698.296728532632,5536.661279378405,5614.67135952907,24560299
2023-08-14,5531.703523756056,5548.148992542847,5397.600249068694,5503.755186596556,6162974
2023-08-15,5480.693711623001,5507.620164317443,5466.653534992668,5489.242852659421,10310774
2023-08-16,5564.207612374271,5582.478927758782,5467.68643954526,5566.228120572965,22403207
2023-08-17,5507.39118342612,5626.619796243825,5454.981782642971,5556.691853688083,17058948
2023-08-18,5705.3799923114075,5732.384527986981,5599.678856714351,5683.758526417311,4219369
2023-08-21,5537.60657375465,5593.3011547034075,5433.713671988406,5561.173295097693,23117621
2023-08-22,5643.969703852118,5668.226756093413,5455.32657952126,5561.2770987478025,14636432
2023-08-23,5454.6710483274765,5562.701568678539,5357.553779173001,5457.915749452004,8444489
2023-08-24,5486.453292310311,5583.391488283648,5384.163710442103,5488.77741528962,11332947
2023-08-25,5573.883878478847,5603.868040059065,5532.02338183464,5562.894082922746,15528141
2023-08-28,5598.022891093812,5638.461662607716,5469.327188699561,5528.896862353506,13297549
2023-08-29,5361.9828522861835,5388.728229742353,5242.36628407608,5314.026194413927,14715228
2023-08-30,5323.131544025916,5386.099312769774,5258.982535254103,5330.94723460391,18845168
2023-08-31,5402.149231333463,5409.5642220005,5354.324510477094,5366.936876669962,17776701
2023-09-01,5414.529223915797,5489.011445519016,5385.999263260773,5400.557630487018,15375834
2023-09-04,5500.486599319925,5561.935568874506,5465.271676212417,5501.746436198092,7759951
2023-09-05,5364.478510330659,5512.318447258265,5347.360272564837,5414.4567990105415,22524451
2023-09-06,5464.865792979943,5493.343268491371,5388.758314983729,5470.784701124634,14326607
2023-09-07,5527.266418614599,5660.4027547603755,5456.744453052169,5569.738135893469,7267872
2023-09-08,5489.739513033279,5577.834786350409,5377.039326425028,5422.258077100631,7880322
2023-09-11,5422.4333169115935,5467.958410015912,5378.234482737751,5449.341049140288,14837078
2023-09-12,5482.61105533245,5529.611425349231,5350.541595851304,5409.219199611235,21050378
2023-09-13,5409.045046002012,5431.940993760305,5336.748262876684,5403.686433322981,11350847
2023-09-14,5454.388404894086,5486.240339638485,5426.088691507914,5432.948191068869,16259089
2023-09-15,5401.277513380014,5433.694238140709,5370.600698648813,5394.328467516516,18431080
2023-09-18,5281.3510941878785,5402.516681336071,5219.372452041377,5340.732463302734,22967851
2023-09-19,5324.626252492001,5391.65834507748,5291.712379175607,5344.536593667072,18982748
2023-09-20,5195.207094402184,5358.38994023329,5117.911100116261,5258.443115387283,6844218
2023-09-21,5192.93292703715,5210.594261715295,5080.218545289487,5173.848558907848,8053572
2023-09-22,5219.276319455434,5329.547087858086,5149.840056278593,5227.607945834405,9006423
2023-09-25,5181.425167059422,5209.31229246963,5075.143747760837,5138.5717950287335,11499036
2023-09-26,5147.427149556205,5272.376052345851,5046.095955799926,5190.957928745447,2477563
2023-09-27,5175.405884055415,5266.914175451272,5152.018473445713,5228.0154994223285,10560871
2023-09-28,5079.409407705691,5112.664183282839,5012.486536149924,5093.722937615344,5022488
2023-09-29,5107.509524551814,5195.868900584814,4997.725963587805,5042.971783033075,23484799
2023-10-02,5166.71939177027,5202.206265513489,5038.837358504052,5134.308277771016,19482130
2023-10-03,5047.464207929954,5128.170308288791,4963.297438134131,5059.771044800659,21618215
2023-10-04,5028.140367904693,5087.283517096044,5009.978158522446,5025.536310416894,6510465
2023-10-05,4998.239383775977,5111.801305667793,4956.079549611722,5061.372974628894,20276306
2023-10-06,5196.318630029458,5250.467231953732,5111.900736541702,5121.860722507775,23416125
2023-10-09,5129.037976900111,5205.5248601976145,5098.3351214430295,5103.559887543057,19505882
2023-10-10,5026.27097450604,5072.334554807691,4961.257879397148,5058.839163590171,14009644
2023-10-11,5181.087214340535,5252.044444961129,5093.767200497919,5167.78403684495,10993526
2023-10-12,5241.476848527108,5399.184821234081,5222.129325983845,5303.611462516042,11379583
2023-10-13,5457.766023443332,5469.216284173545,5377.019874999053,5382.544426483082,24743667
2023-10-16,5337.917128698488,5410.305544832081,5295.01726797826,5390.509365759498,22571362
2023-10-17,5349.886327483243,5428.080302410727,5300.175338814984,5326.233008494733,7385192
2023-10-18,5220.7765998146515,5309.921930501736,5193.9061570657495,5260.951148947611,20808388
2023-10-19,5337.850545165126,5384.1159579969,5232.976977910888,5303.237156913988,4559909
2023-10-20,5381.907471488166,5401.2950722818205,5289.068239963032,5337.580779216423,11101949
2023-10-23,5479.224109442118,5537.460759427393,5428.124916572541,5450.865481020581,19712052
2023-10-24,5524.048454705218,5542.854309344449,5467.010705861799,5505.138393464763,16837972
2023-10-25,5445.48891124164,5500.247596937371,5276.641273399201,5382.119444978277,21150900
2023-10-26,5398.997874751293,5552.924889503765,5325.557507881363,5468.121484793949,8535791
2023-10-27,5360.024705643942,5419.175570908532,5267.537684290195,5387.352357700735,10914590
2023-10-30,5316.9452528626425,5411.697922780451,5234.141657249477,5357.401000113648,7370607
2023-10-31,5457.323469690176,5565.642081769706,5363.541930415734,5378.578822841692,11392789
2023-11-01,5522.276745536225,5618.4884894131665,5415.702174702447,5540.662362076046,6020362
2023-11-02,5840.71187888256,5939.920918043713,5708.453934913731,5800.235624934173,20349680
2023-11-03,5886.625168474815,5938.910788518646,5771.532303651429,5854.182722590221,18040078
2023-11-06,5788.829529855951,5930.296976134268,5740.902637172472,5839.266561932491,13048817
2023-11-07,5841.153642806445,5897.669746765582,5783.606200571124,5887.251229649925,6626940
2023-11-08,5927.665391519202,5986.717634617667,5833.694824419979,5966.816437358073,16006921
2023-11-09,5923.474050202474,5968.164519354504,5823.489245492229,5939.309327758996,9442917
2023-11-10,6051.8099673780125,6153.121881514933,5958.001845444915,6100.431922896581,24582239
2023-11-13,6034.47400665953,6227.214360411345,5971.402063954581,6122.7049743396055,18385460
2023-11-14,6239.864112775092,6287.156385859761,6078.038006095485,6169.64252664732,4669086
2023-11-15,6319.5616304527575,6404.4826526466195,6220.066884832506,6232.504173927665,22357412
2023-11-16,6243.348132127529,6363.980193302066,6173.506538696547,6273.163779417349,16794011
2023-11-17,6322.5798587987565,6430.474269519625,6203.1913693124525,6353.360579582717,12496670
2023-11-20,6202.709129678354,6344.835979162003,6164.600067560348,6295.806770753198,4581517
2023-11-21,6278.107938451098,6353.219306534458,6158.469725543461,6244.341532668097,10099542
2023-11-22,6202.515188923794,6249.052947333281,6095.961042867773,6142.544319435344,17474959
2023-11-23,6118.7035992761175,6200.307188113615,6028.833873834494,6184.267665112197,6852033
2023-11-24,6193.869988616944,6382.061443227921,6137.159726973751,6257.761796122903,18147237
2023-11-27,6356.825841785978,6378.5437250773475,6268.398939783996,6301.982851778732,23870248
2023-11-28,6484.075081157875,6499.472290942107,6446.232751408033,6461.532587354928,18221042
2023-11-29,6374.045321246759,6576.61375753665,6278.188703633084,6462.2825110020485,6193319
2023-11-30,6552.399999326529,6596.52948653065,6439.366466934306,6528.39893008396,12773311
2023-12-01,6385.980237197186,6508.579331093613,6314.5917599633085,6422.798727393582,22089955
2023-12-04,6361.636591682907,6433.100639749454,6346.472497967199,6386.789334992656,15567992
2023-12-05,6506.931555375434,6561.834643726071,6436.1519415820685,6454.7004898412415,11696337
2023-12-06,6599.190639369272,6638.6547659650605,6418.603093088464,6538.201927091295,11856570
2023-12-07,6491.216956995294,6559.625558753129,6377.663935174653,6510.679338520928,6790500
2023-12-08,6592.250826788143,6650.284438666179,6436.131650229515,6504.989077842743,16964577
2023-12-11,6340.341976578606,6451.572195022827,6226.379187413763,6358.183793502769,16720797
2023-12-12,6376.9887580807435,6445.3448974785715,6240.4293175473495,6325.404571085832,20699460
2023-12-13,6408.049199653156,6532.498735676141,6297.954570938501,6411.150157988238,4859281
2023-12-14,6544.882444529437,6556.635269807667,6416.55453776127,6467.7482739681445,17336013
2023-12-15,6597.34343953941,6667.0001584401225,6504.842690088526,6517.614521452413,4969137
2023-12-18,6443.03601951919,6602.723685790403,6436.193139222485,6523.784129952057,6933574
2023-12-19,6611.233849004527,6733.434194633169,6441.790544253859,6525.780064610535,11787763
2023-12-20,6525.56112776098,6538.181640954739,6406.750270205654,6462.448562700207,3097584
2023-12-21,6588.563924244467,6666.944723010304,6507.114787313988,6531.483193208426,16551858
2023-12-22,6515.046592432827,6687.231226269645,6399.285807249303,6574.03315551319,5460762
2023-12-25,6684.498249723888,6721.908892001892,6578.17292704906,6623.866185441924,10766011
2023-12-26,6641.96708075509,6759.194841544103,6492.52536600239,6572.925192578362,20272382
2023-12-27,6321.691003158554,6370.597187181545,6220.01783730418,6361.933348722649,11728732
2023-12-28,6555.661190946274,6653.449615477697,6388.042281138641,6467.905921775603,21201735
2023-12-29,6336.009385909608,6543.035900386038,6218.433614923571,6422.743368700688,19805728
2024-01-01,6276.852435316006,6429.029118011982,6234.249779638706,6343.476204964154,15369981
2024-01-02,6420.4988329677435,6480.476280024399,6315.800153768924,6413.268295332696,9036968
2024-01-03,6393.910348914458,6405.756597981571,6289.561994316078,6379.40502278545,16958036
2024-01-04,6512.896582517885,6633.268995196415,6369.884183767747,6484.6591181824215,17306328
2024-01-05,6453.671226224072,6613.630129854106,6430.622088931858,6548.566012506761,8847946
2024-01-08,6711.0650198205385,6721.473466535789,6549.310368904744,6619.641134670808,11528595
2024-01-09,6399.33975787032,6579.504223389158,6340.918845697751,6487.980870141587,18382616
2024-01-10,6539.040815464419,6676.9418092989845,6479.007326727048,6609.819699556724,18028263
2024-01-11,6542.884117532328,6662.0142307036485,6463.056803891971,6639.687874994495,17488523
2024-01-12,6620.145209837157,6653.717054395154,6498.924013263015,6606.893413560007,5113119
2024-01-15,6710.981757271531,6725.915858849813,6586.361022811275,6625.067834415102,19082272
2024-01-16,6484.651052032104,6561.893474006619,6339.053985009719,6452.527691498309,19283529
2024-01-17,6558.830883340955,6642.9056512427605,6378.853248296389,6495.951861847522,14953283
2024-01-18,6306.104804297874,6467.441686949916,6265.069439845292,6399.548216488009,23457294
2024-01-19,6281.4483053215,6385.248864990675,6172.962753053781,6273.540764688907,6396850
2024-01-22,6126.604876081102,6240.528088214116,6039.782811810934,6134.046152949171,20984026
2024-01-23,6239.912604213643,6319.335580236211,6171.456531492411,6240.105808331514,22546116
2024-01-24,6105.574619983529,6192.633834817069,6035.59053948658,6184.949819447221,17236561
2024-01-25,6365.9807614195915,6456.437295832921,6289.5658164057,6330.9512231768285,6907227
2024-01-26,6284.474899829354,6340.670580879985,6232.624140466419,6283.867799992372,4940322
2024-01-29,6175.440616325562,6247.974823344765,6079.184316547867,6126.705945280682,11316053
2024-01-30,6025.112773543856,6108.138184209381,5986.353417577072,6027.772714983581,10496574
2024-01-31,6078.5104553044075,6190.149793036478,5990.734587135294,6143.127252071633,23664707
2024-02-01,6159.722933277885,6273.215037404412,6047.355792077856,6132.44759324141,10565905
2024-02-02,6025.879245098227,6107.268872540707,5955.50876942669,6085.691915120825,4789608
2024-02-05,6172.142995783059,6257.063809838852,6017.52958624248,6103.950654620062,11094514
2024-02-06,6174.4378938710215,6181.123772922912,6145.641297411013,6153.5558809264385,20217193
2024-02-07,6196.006558009318,6376.632855882982,6167.91997726781,6260.387655279047,19388000
2024-02-08,6488.937603200933,6509.297154517133,6292.185591195765,6400.166388334758,6879932
2024-02-09,6372.97714707295,6390.839329796636,6242.755448366795,6369.467800252419,7983594
2024-02-12,6166.558283001752,6292.365926725713,6048.239802168214,6246.596210361088,19537613
2024-02-13,6235.23798863891,6285.729445889275,6116.175340724896,6211.60291945847,23081598
2024-02-14,6193.383204223012,6271.226561422292,6082.964685010282,6239.581268528671,18516937
2024-02-15,6209.183132192549,6284.421738723617,6092.4129782282735,6153.123235139373,10831700
2024-02-16,6126.333937154038,6184.015624822682,6046.031331737293,6068.473096070822,4979631
2024-02-19,6191.104529043677,6201.315741810526,6066.777088075922,6103.408192577575,6883143
2024-02-20,6102.958330977321,6146.126930419045,6005.5635461643615,6102.616060075673,16808927
2024-02-21,6101.024410974832,6209.461189395384,6025.290478412986,6109.279841775533,16720542
2024-02-22,6089.393425227997,6175.280234496618,5980.887867071426,6043.43750580514,16839638
2024-02-23,5959.733472988452,6115.199367461079,5932.282411033309,6026.177383544692,19552344
2024-02-26,5954.618336994585,6039.556332244346,5922.127109982964,5946.249196908138,14432518
2024-02-27,6037.582174839867,6079.292735259113,6012.845623160113,6029.217070234878,9615570
2024-02-28,6051.008440955272,6144.188360654312,5988.535771013043,6126.460744890005,13150382
2024-02-29,5945.812038570108,5997.294793714257,5905.328313561943,5960.477659351528,11071309
2024-03-01,5943.278511849212,6043.148892681249,5775.822388277608,5880.949015202617,16938496
2024-03-04,5813.925210461401,5928.046429569554,5699.197419127592,5752.462400877581,7351804
2024-03-05,5631.297045723276,5759.007122501653,5545.279796396248,5699.825304682914,22708428
2024-03-06,5626.172487839954,5702.857415320328,5559.798397643535,5696.111472091987,9935922
2024-03-07,5535.975083110588,5596.080723414943,5491.947249941348,5575.66902747942,10360334
2024-03-08,5563.772577485525,5603.384028444033,5418.740736998415,5501.914650780096,10022115
2024-03-11,5361.993764216603,5487.391511714655,5260.07039206761,5422.360482957356,11637364
2024-03-12,5478.391865518409,5491.686713332233,5334.680882530555,5442.4720718922445,13350398
2024-03-13,5386.172468622195,5554.559739954332,5280.7167657748305,5451.398624400335,15560514
2024-03-14,5415.584548222119,5458.565821267437,5288.595224777837,5395.652276993364,12579135
2024-03-15,5389.826529878547,5512.473855868609,5293.331096900272,5413.2006274802425,18170563
2024-03-18,5418.621100700162,5504.397408090401,5289.0624324946175,5372.05921320295,8995844
2024-03-19,5310.622454127102,5435.5845194939875,5226.731659915058,5353.39223865726,4420056
2024-03-20,5513.9146058326,5582.991119537944,5484.115477423707,5490.983955479988,3714185
2024-03-21,5560.242811405919,5677.035577917954,5481.365851865754,5604.6852977781755,3670411
2024-03-22,5534.038154530605,5606.656143366749,5402.128659336163,5498.791951178695,20131775
2024-03-25,5632.976646605307,5705.899508168304,5516.860901851368,5570.529115465392,14294773
2024-03-26,5578.506221467161,5706.6668126053455,5557.872396088911,5641.670054899428,14098297
2024-03-27,5608.898119816824,5719.628236875604,5508.399749322865,5547.883217762927,17207994
2024-03-28,5635.124149826489,5719.163690938938,5538.5741894494,5619.3491889265915,16555330
2024-03-29,5688.003678034441,5843.021933513135,5634.9386253419625,5752.353445615287,17187930
2024-04-01,5646.644639152661,5758.411861053003,5610.405961804822,5658.945740421792,22236849
2024-04-02,5527.642267678983,5612.924486713773,5493.558744504083,5584.4596276539905,13019670
2024-04-03,5707.154191735502,5721.948727826658,5631.440409026995,5673.056644073683,7810041
2024-04-04,5743.826664114888,5802.270067655871,5679.873878797675,5699.563602213842,19537120
2024-04-05,5682.129303058241,5812.045677988779,5662.423699707628,5750.130951962766,11484749
2024-04-08,5784.022714680148,5880.930856141584,5730.909714132422,5782.957519460882,24683262
2024-04-09,5875.254498631765,5930.669241071749,5751.447717608981,5820.317962678871,13424734
2024-04-10,5782.691406130827,5851.194368351556,5663.422369872534,5708.002810125449,4991992
2024-04-11,5803.451552495187,5867.372786519111,5775.261065643603,5801.098997998864,15199051
2024-04-12,5986.138512303314,5996.469706763036,5788.860485276933,5906.3532673947975,23681634
2024-04-15,5895.879922916259,5970.693232824546,5882.789013690504,5889.5741377941895,20705553
2024-04-16,5870.572758725988,5987.811029963738,5773.56143630542,5889.266971488658,14710548
2024-04-17,5817.687864208483,5840.91504358848,5693.8352440842455,5757.544019002553,10337388
2024-04-18,5804.189063793872,5876.773084663008,5784.272366073278,5805.411211335267,12901481
2024-04-19,5853.771437171093,5930.646645600169,5761.725374570226,5858.709888346893,20640512
2024-04-22,5855.0576047295035,5880.886732934608,5790.998059165249,5856.759727385998,5919144
2024-04-23,6021.045068217064,6041.190328377883,5854.880011936284,5959.04979538404,12543086
2024-04-24,5991.843402142496,6109.409283141969,5858.642206313552,5932.763482437569,16646038
2024-04-25,5969.240717336851,6037.33831692301,5869.945822205567,5986.568241813672,17802950
2024-04-26,5869.09692800331,5929.982334735119,5792.264153004985,5898.595830548898,21117783
2024-04-29,5898.6223666390615,5925.156817715194,5822.5054825702255,5900.051118763019,23778969
2024-04-30,5901.015550795725,5981.767600124779,5881.508484981346,5888.1606639182655,5540765
2024-05-01,5865.187979206804,5985.957954252703,5858.744762622253,5911.593298974076,16206113
2024-05-02,5934.247463591597,6012.742664572203,5777.554502103264,5882.372861209234,22006501
2024-05-03,5871.919593118141,5889.998529437885,5835.474976943052,5874.301722494383,12673220
2024-05-06,5920.987136558839,6057.588164069705,5808.388695898082,5950.613058358787,22981892
2024-05-07,5845.426248931115,5964.862569708934,5731.870942732735,5915.198201590795,6527781
2024-05-08,5730.944521228634,5816.36678678209,5627.795222182395,5776.198990856654,9380889
2024-05-09,6011.197902801863,6070.016677783274,5921.433074811288,5931.2538819795245,20663996
2024-05-10,6022.299417655659,6108.671977691767,6009.51050723756,6057.718957313853,6909334
2024-05-13,5884.882797995135,6047.4028587569455,5788.868749414059,5943.931125298679,2095856
2024-05-14,6001.901613967428,6121.094608460295,5900.30006927026,6008.991119338233,12910237
2024-05-15,5932.72621679235,6007.63311706264,5841.185239919302,5967.260950067423,10052546
2024-05-16,5910.832160249863,6098.817369106943,5850.514440346155,5994.42576120077,19569755
2024-05-17,5992.514254772777,6119.959574038379,5937.529269118485,6024.47798713537,23793513
2024-05-20,6014.858600332759,6127.248313065005,5912.06245001294,6006.909904432374,23179266
2024-05-21,5949.108884384684,5982.835905214811,5906.486948848414,5939.893904284559,20516420
2024-05-22,5856.620412822182,5952.292715877394,5773.933777370507,5881.931731817455,11862008
2024-05-23,5795.449582277415,5840.709787760056,5781.079737133409,5804.62621635499,16062397
2024-05-24,5815.784629749454,5912.662779732388,5692.537391103219,5735.6827371261925,13266745
2024-05-27,5712.248343582895,5739.657773787073,5645.361758061981,5733.344446390282,4835512
2024-05-28,5634.065428839736,5741.808287149733,5605.942022374714,5675.228974680369,19425647
2024-05-29,5692.546588231241,5779.405066146759,5667.159981631977,5736.69613674877,24696704
2024-05-30,5860.681078542478,5909.961825050637,5775.813437915111,5868.1163435364715,13768165
2024-05-31,5865.896647708406,5943.638667377772,5741.7376938218595,5820.57991475552,2805064
2024-06-03,5793.419612382118,5945.380523151153,5780.576458068983,5844.974358114147,19051460
2024-06-04,5929.288053437754,6003.847145662749,5792.888562479337,5892.291042581796,13844410
2024-06-05,5852.248218151356,6039.730873071418,5739.890073137077,5937.544038502583,14518701
2024-06-06,5933.406094542677,5983.721254726498,5865.925770402013,5947.871381148805,4305129
2024-06-07,6067.502999177069,6133.460004351672,5988.954168211496,6017.700796499156,10857700
2024-06-10,6035.500091936203,6122.822931860509,6003.28074570255,6064.841865576916,18856160
2024-06-11,5967.275697500878,5974.563251388667,5940.825416508983,5955.887367580533,12929816
2024-06-12,5983.677651120892,6107.016129440469,5924.623615178482,6037.109834366362,12374057
2024-06-13,6165.520394177042,6249.1801070948,6010.298117672691,6121.0821838610755,20761756
2024-06-14,5973.348672794191,6128.820563949721,5920.694144905541,6054.672778569248,23587449
2024-06-17,6125.861872890212,6217.684364998026,6030.166446889465,6061.751099929826,9961240
2024-06-18,6072.041467967975,6200.165226411425,5961.367790720327,6127.52070469658,23890485
2024-06-19,6180.607753713678,6194.626947178556,6009.769646605357,6111.958595670622,16198138
2024-06-20,6186.504251904191,6233.957975393494,6064.218855188574,6213.995731858165,11433341
2024-06-21,6481.070043146956,6561.001189994461,6381.9167761179815,6438.060533180604,10230798
2024-06-24,6331.495523645038,6405.645942237994,6311.538355004222,6366.019984655435,20502147
2024-06-25,6313.925095931819,6329.7936152283955,6192.691857863886,6237.963233495566,6464165
2024-06-26,6199.903090583754,6327.583953839991,6191.587542880596,6270.1341498711945,20035731
2024-06-27,6280.5981195623335,6414.894639977464,6162.50804891891,6341.760635930988,9550576
2024-06-28,6322.28196119019,6369.426138048324,6304.307843926567,6323.604203085413,23559830
2024-07-01,6384.159918591519,6560.2091319576775,6355.222420714968,6465.246044188598,4281892
2024-07-02,6281.49068792447,6423.188417823772,6193.365072676741,6339.308954044281,17780285
2024-07-03,6494.324905728559,6541.886411493194,6399.369216749029,6409.001917887832,2815982
2024-07-04,6445.439948675929,6544.329614150325,6262.275684959305,6354.602871605312,23450887
2024-07-05,6498.092857846109,6609.216147698728,6477.927909501968,6522.30509003067,8856612
2024-07-08,6806.50450191057,6895.747728371824,6699.205573678485,6721.155368533678,11535223
2024-07-09,6656.835484325234,6733.489785785108,6610.637624050218,6647.8957911427715,5323180
2024-07-10,6551.512704335655,6605.108266853289,6490.622545635298,6597.08355005547,9738976
2024-07-11,6726.7011601167,6822.446579180165,6567.625993929393,6686.103396820825,13829280
2024-07-12,6682.996181313494,6737.427808720746,6585.491001501524,6651.289125570351,20360966
2024-07-15,6748.340747450619,6875.94906700219,6562.820553084095,6650.749251945519,22395774
2024-07-16,6610.348154939146,6767.3951568955745,6577.64096950553,6657.272481780644,22123925
2024-07-17,6502.964566203689,6582.080900681097,6433.369265355136,6469.570036118197,16858372
2024-07-18,6385.12838267565,6509.591858839296,6367.898992584578,6472.108914127387,20644756
2024-07-19,6334.747630064182,6440.24830827572,6209.837638852935,6409.032280353234,11549949
2024-07-22,6270.737301016218,6413.004056600721,6241.7223557158795,6365.471098417361,4066776
2024-07-23,6604.633035643364,6671.041239973053,6493.015942090003,6507.131347998877,3333809
2024-07-24,6446.323080004818,6489.031547765414,6356.428809637146,6388.391795796557,23420678
2024-07-25,6525.805166445558,6596.177233278365,6356.7530907125,6470.150931023833,22892277
2024-07-26,6448.840145900729,6475.551487387517,6327.975915009674,6446.959037631335,23529393
2024-07-29,6385.243466548047,6549.528452542749,6260.067533911611,6423.773177854112,5086395
2024-07-30,6435.741925206067,6523.6252174542615,6383.909484894509,6503.784988556624,20076114
2024-07-31,6498.609185370799,6663.221063200893,6446.384934767299,6540.861567124104,23222003
2024-08-01,6576.210028081789,6721.947422582663,6567.998712941724,6600.7705934126,14585350
2024-08-02,6752.115413934938,6826.266126885021,6617.256054994585,6700.592528312225,24725818
2024-08-05,6679.251333444195,6777.925884873621,6579.957944109807,6671.313446675332,15048305
2024-08-06,6530.213556185741,6675.460795964257,6477.084219424102,6614.049887351285,15779543
2024-08-07,6416.225585704243,6594.803364235211,6388.549612268286,6510.359721514615,11189066
2024-08-08,6356.906357097874,6481.725652337336,6342.912931178759,6433.660145326187,20208104
2024-08-09,6704.073252374507,6767.308660981667,6672.29164890253,6722.122410447068,3886006
2024-08-12,6940.701716059586,7023.895506689372,6770.170899077349,6851.659011445786,9857983
2024-08-13,6744.601111411544,6815.179745651393,6663.603840026462,6716.9134940072145,11361856
2024-08-14,6647.351271119036,6727.193876972603,6563.126920969283,6587.701106679998,20925407
2024-08-15,6632.572127219102,6682.069961353223,6561.746763411482,6639.269571164823,9818420
2024-08-16,6669.95891136882,6751.150542753824,6564.020262334433,6697.75471065654,2689963
2024-08-19,6677.537509265886,6774.445561282604,6565.520117147811,6756.917702886935,23966782
2024-08-20,6811.089869730463,6824.666081922772,6600.448687487148,6735.131123784919,17665281
2024-08-21,6783.638199642516,6823.089705711769,6683.761281777362,6726.497939091836,9176340
2024-08-22,6696.274399134445,6779.92103580223,6576.483721664559,6763.616052008217,3033687
2024-08-23,6778.880901677632,6799.025833997692,6672.2552833852715,6776.388431381234,5376848
2024-08-26,6552.388948458704,6662.670701216411,6458.4253995604,6554.871643865366,10965043
2024-08-27,6560.7387001980305,6572.145202098534,6475.07820945346,6536.209960618265,17250786
2024-08-28,6543.083391908562,6631.545310673502,6376.343976043172,6456.657118352435,3075091
2024-08-29,6493.001899620755,6533.119543155855,6430.984126082454,6477.50031345013,24602385
2024-08-30,6779.611922263278,6898.657622452333,6643.171539600434,6771.442055514601,4068051
2024-09-02,6720.923421889996,6882.422699011956,6602.331684291014,6812.8306328112585,21588125
2024-09-03,6695.909378444952,6831.055520102737,6625.502015654437,6784.877961437181,17614528
2024-09-04,6818.206005407107,6957.339253757026,6725.494296761017,6882.76354864782,18100375
2024-09-05,6839.432932600298,6994.004561021107,6741.084991395285,6936.72660570887,16630830
2024-09-06,7035.591529049656,7118.060764596776,6853.802975989076,6984.59985110473,8075090
2024-09-09,7099.619975794394,7122.169252727428,7031.344257929337,7052.369739460648,18414941
2024-09-10,7194.732258209208,7419.220880919535,7145.409153515053,7274.15374537162,15072985
2024-09-11,7227.264982633105,7292.92874438333,7028.555572327319,7155.1243924074915,2889515
2024-09-12,7135.5785342028485,7265.166939816324,7001.685633774342,7210.25091343024,9774203
2024-09-13,7071.95005277106,7217.5012693317485,7061.501799136277,7114.385458148789,22241996
2024-09-16,7123.881222827418,7234.742878614721,7073.602852860918,7177.936055818005,3505859
2024-09-17,7056.193998041728,7202.556811194647,6971.03748752355,7083.32872192965,20274704
2024-09-18,6991.394712424259,7111.067918712763,6944.782313245569,7043.233524086971,11269088
2024-09-19,7013.95795352522,7119.223832972926,6974.471502091157,7016.283656552718,11644932
2024-09-20,7103.405985605777,7144.858511798306,7066.6052412565605,7123.192530242586,16927451
2024-09-23,7331.074078554743,7456.261438776525,7146.695403324978,7225.601363277613,21544575
2024-09-24,7000.400844350887,7201.193144388106,6917.570508299902,7094.920866492936,4799703
2024-09-25,7028.754818065295,7140.709944205863,6889.65248201233,7105.024116569058,22743632
2024-09-26,6939.3052370085115,7060.11302963097,6922.682722456675,7033.6634013296325,20247782
2024-09-27,6931.173500730708,6979.757940004886,6846.155180258498,6905.10510041127,2651631
2024-09-30,6794.730512290794,7021.374554790106,6685.063050903595,6886.770280345093,7776295
2024-10-01,6928.265155007157,6969.001967888957,6841.699138285137,6859.035591020267,3812146
2024-10-02,7115.372555347716,7184.152713364502,7094.215793104309,7112.825033612273,9833354
2024-10-03,7169.090141264976,7180.348367786585,7154.650893052129,7163.28624089805,2867595
2024-10-04,7032.531175936112,7092.640491838725,6995.743341966833,7019.560185316991,7099015
2024-10-07,6895.528332740229,7046.867339033751,6888.342525892828,6964.304944727475,7868992
2024-10-08,7011.0150158603,7210.384150722459,6903.389187786106,7075.181898716627,24583048
2024-10-09,7261.383880238945,7380.051545966445,7232.358256295135,7301.06869540258,20931163
2024-10-10,7151.762556354349,7270.217479905573,7100.64671248985,7131.75873993365,19464909
2024-10-11,6874.620897250586,7013.956767137632,6767.293400276405,6934.930287715663,13778956
2024-10-14,7051.607021826902,7146.378183956885,6923.763596713554,7133.716441817498,5181807
2024-10-15,7280.94639941746,7331.804954790442,7169.700608617794,7179.6876276287285,7791427
2024-10-16,6988.802967157984,7175.112436947995,6888.335195831182,7090.484381442115,2288715
2024-10-17,7216.543486033985,7354.100080681385,7126.90548344913,7151.6003598462175,2270153
2024-10-18,6932.535315571582,7052.630930520601,6736.22018486973,6873.144102879872,9450242
2024-10-21,6835.77549086826,6914.333912750683,6701.790677426842,6877.615994490538,2300374
2024-10-22,6839.966584518583,6951.399028490789,6763.711592327424,6915.561986212405,3159940
2024-10-23,6941.005321618712,7049.420214451212,6833.666693125631,7015.589035033818,3366769
2024-10-24,6954.048177164694,7082.889158938967,6865.4501069636335,6913.102228571308,5531145
2024-10-25,6955.808485730649,7075.452961017945,6862.039168932814,6926.135551505313,21255978
2024-10-28,6892.116751725796,7000.480023074764,6707.525484312628,6834.146986794369,6837645
2024-10-29,6954.519159607635,7013.36807242118,6748.349530928811,6864.427426851213,7676411
2024-10-30,6815.372526757787,6887.501204791531,6690.790012016833,6776.355485530937,9172906
2024-10-31,6669.363880578493,6805.13166259601,6559.495962731349,6738.939753420858,7013531
2024-11-01,6591.1979153413595,6680.944224779711,6558.586148423712,6642.322018007605,2638100
2024-11-04,6780.0790053062,6851.917555314403,6630.013743350111,6711.18326015523,21175703
2024-11-05,6742.312550829634,6812.371037361732,6619.435289933775,6801.628311567839,14768437
2024-11-06,6694.80057111032,6805.538282904651,6622.513563324262,6781.772259888302,5158181
2024-11-07,6831.1376512622455,6953.040684774042,6665.655090682766,6789.73114384664,7363728
2024-11-08,6626.83669888326,6747.839553250301,6510.534447786407,6646.271788893255,24463637
2024-11-11,6703.8083530129825,6764.373908050631,6518.115764777481,6620.383565195027,15549906
2024-11-12,6649.208006156587,6721.191380419154,6595.0838935403335,6619.370188010743,6768585
2024-11-13,6798.980516543891,6938.836660550292,6782.442935474013,6883.561804959175,5518652
2024-11-14,6863.8758663461385,6967.34754220959,6743.746690982805,6772.877535837254,8814780
2024-11-15,6875.52692092912,7035.80708447459,6781.658563649023,6925.691659291216,17188261
2024-11-18,6999.057601684757,7142.440927659611,6895.306948010262,7033.406121680042,3222465
2024-11-19,7046.51115774223,7171.331297584362,6979.103936934716,7067.233612432658,4030624
2024-11-20,7160.187568111889,7293.3617614087525,7115.187293244629,7257.9026795613645,5856798
2024-11-21,7302.004588878876,7356.964979413307,7293.783137595946,7302.768000769793,19352303
2024-11-22,7266.722978880099,7422.740470036714,7139.554189694303,7349.778751390191,22125166
2024-11-25,7326.50115469679,7401.865334470114,7186.832751470393,7348.332242938901,4456675
2024-11-26,7454.074299827059,7602.497956613085,7403.332641185289,7487.609102336666,10055830
2024-11-27,7677.583031817237,7733.304756404816,7583.360200812939,7615.250663030785,14168611
2024-11-28,7617.002581900975,7644.62495355984,7518.764674255943,7548.349472751871,13480487
2024-11-29,7326.52760115287,7467.041578115479,7274.441905584922,7403.506399448837,15111001
2024-12-02,7355.83976281733,7530.296654424166,7342.057127900608,7385.406976569662,21700944
2024-12-03,7273.468813369002,7339.845214869085,7198.618204112989,7301.209064830197,24901006
2024-12-04,7222.305883314343,7390.821832843553,7203.256915539439,7298.632697268778,4762660
2024-12-05,7505.087239677518,7574.332836635243,7426.498336991076,7438.485973346934,9452396
2024-12-06,7437.879070979119,7455.3541208097395,7363.066450665793,7391.924585726671,5299280
2024-12-09,7322.954205629248,7467.520836531485,7219.593729214006,7391.611532400692,20893005
2024-12-10,7372.882070985537,7508.639588661496,7252.91125184047,7402.4797220564005,18559693
2024-12-11,7412.421379893662,7581.774576198677,7341.367993175767,7501.128595906,6818529
2024-12-12,7280.711952013399,7408.634171758532,7170.186883391006,7252.816185538722,9297881
2024-12-13,7109.480296581086,7237.832826797865,7085.8583977900635,7191.1635894853725,6512620
2024-12-16,7323.497026782979,7342.821789252297,7087.62259767866,7218.2689215636465,19851229
2024-12-17,7414.449034910975,7553.801725860168,7241.492351727314,7352.537272435563,13935701
2024-12-18,7278.651187435129,7362.475745981477,7237.047727010865,7302.697828603649,13942223
2024-12-19,7118.258689142173,7203.334020508303,6972.307010393749,7101.520986725727,15079133
2024-12-20,7260.297086118657,7376.810764992735,7072.068078431239,7171.795306906402,2701477
2024-12-23,7119.283770755837,7170.271793600004,7017.877345071817,7107.748049115079,20235287
2024-12-24,6916.964384394118,7087.208266795024,6860.447819924843,6985.174934815846,24875363
2024-12-25,6898.75306128579,6948.687591877357,6781.505443461242,6923.948613273346,19008098
2024-12-26,6980.061322257518,7025.6730997271825,6883.730958116819,6908.9383210274855,24942403
2024-12-27,6880.049085437381,6905.845843839097,6771.654420918703,6850.411530211128,10864721
2024-12-30,6657.855772139895,6767.133692972021,6610.808921213957,6627.886249906348,4125786
2024-12-31,6795.010514207238,6830.5506987140225,6646.373761658369,6721.047772330352,12369448
2025-01-01,6934.611946919458,7036.069948921812,6752.35102843425,6853.607841836539,17084106
2025-01-02,7011.907267925264,7144.591272055101,6804.865484396375,6924.699149976243,24369061
2025-01-03,6727.90140528317,6885.787971596063,6593.822113108955,6810.6820045422655,17185405
2025-01-06,6803.177997565562,6879.785555220916,6726.996253885793,6794.183992280131,21182287
2025-01-07,6846.642493484274,6913.463244324721,6675.483730038407,6797.59589744239,18117330
2025-01-08,6915.626475451585,6965.36305749813,6776.553406290571,6862.72988926932,19832590
2025-01-09,6957.851508525392,7027.6905644486305,6874.586827309422,6935.647130924898,2508377
2025-01-10,6794.819519548946,6948.901598997718,6694.514611515206,6863.428963186979,21333687
2025-01-13,6937.340390693207,7074.24075509545,6761.360773535788,6875.9885807160135,3650024
2025-01-14,6973.021168392185,7104.2361798993625,6890.699965483975,6927.277996469237,22000695
2025-01-15,6994.7692722152315,7205.811529752919,6980.703016953449,7082.70765235176,10571090
2025-01-16,7154.028876055755,7289.954091445661,7024.600817879084,7161.804484854398,15942679
2025-01-17,7179.949211930927,7322.572418325957,7057.575709604401,7250.867613382065,12449977
2025-01-20,7228.916733312763,7362.341731567769,7216.195578328427,7264.3353706739745,19141974
2025-01-21,7315.075069983007,7556.034141827086,7174.025062544678,7422.384695757264,20745278
2025-01-22,7450.115952858584,7535.721706530789,7439.499644866149,7472.459383159026,21563592
2025-01-23,7391.4695803361465,7533.928973858269,7233.468955459446,7380.426192277403,20298126
2025-01-24,7567.266834364982,7634.615018675407,7514.577510796006,7540.2164752672825,24629874
2025-01-27,7661.067652753135,7756.222484730906,7515.718219784684,7623.675731458569,18030049
2025-01-28,7654.03386374109,7764.912414533397,7561.166376573113,7577.5855776197695,7813481
2025-01-29,7463.374435626451,7671.117190010795,7359.051092843128,7527.631144051322,9384382
2025-01-30,7479.496507703787,7608.363901052589,7422.890332640479,7565.635392390236,22818544
2025-01-31,7703.129367008888,7820.035821927895,7481.8755817250985,7622.739082830072,10112499
2025-02-03,7571.065304681135,7733.220481851602,7454.503200315471,7649.871338239276,19591572
2025-02-04,7799.713092421554,7847.311509783454,7649.424648162361,7690.18333051696,9160481
2025-02-05,7971.9801657449425,8097.582938056023,7812.338613000563,7890.892198483621,15486834
2025-02-06,8022.669182330724,8114.867488223049,8003.456309464919,8022.458206307343,19939536
2025-02-07,8166.478510630233,8277.203730686935,7954.787185059959,8050.212172184502,21106113
2025-02-10,8070.0411832785785,8226.993266123669,8042.0093702760305,8168.708547914319,18994738
2025-02-11,7999.551520718054,8128.72534206573,7907.797891203353,8047.093970492999,15819785
2025-02-12,8133.542916818657,8237.080728346022,8088.660945771377,8099.954572340141,24903076
2025-02-13,8287.184850864049,8397.012707211059,8272.573327799246,8324.644033687817,5866692
2025-02-14,8409.107259272108,8449.210949863977,8188.283212148488,8302.411503175807,8957111
2025-02-17,8094.952011148224,8359.890755767152,8069.311653278982,8201.831864885975,5152502
2025-02-18,8138.57451189709,8225.802803425004,8094.872165936129,8126.5281126268965,14582091
2025-02-19,8020.38406018332,8140.244585790189,7870.626162645659,7998.580026838324,20493342
2025-02-20,7945.463291365626,8015.462002017944,7844.855377036095,7909.22446099182,6618806
2025-02-21,7812.3262161503835,7930.986477343372,7666.868233058499,7870.013519922957,20557477
2025-02-24,7677.487113934355,7776.153141491407,7645.990251387702,7708.808056373505,18740594
2025-02-25,7794.786648389255,7863.183845213019,7586.521137855313,7715.239322285996,2228552
2025-02-26,7752.682064342829,7913.010632858323,7608.0594964971515,7824.287730841365,13082475
2025-02-27,7798.17068087201,7886.492196867375,7626.717960351973,7722.444120336086,7569038
2025-02-28,7917.921463816572,8000.631457802738,7831.634662585331,7903.066364857015,2751247
2025-03-03,8031.036700005943,8059.634658826858,7938.426795003838,7968.360561290091,23813208
2025-03-04,8148.20516451445,8233.153740421198,8084.26354548123,8096.322143032635,3832413
2025-03-05,7950.905281715606,8055.082813603631,7858.280079531151,8021.2893293463785,5919668
2025-03-06,8145.699207011055,8173.366725531762,7975.675647484381,8128.918014226888,5335430
2025-03-07,8088.912494291591,8240.339109105105,7954.513557246877,8000.651747736397,2246968
2025-03-10,8095.769757832631,8213.645907811815,8020.789101233775,8112.290542137323,16509110
2025-03-11,8251.982499781716,8363.634390231555,8044.56114954952,8138.068076227218,4028851
2025-03-12,8198.716739665922,8281.37685665527,8082.918955611217,8210.486858445332,4935299
2025-03-13,7984.141739980312,8218.085641951911,7900.6721052496505,8070.630089655268,13541802
2025-03-14,7940.689202456964,8071.649775109944,7832.973058493708,7967.115803687753,12219047
2025-03-17,8152.263785909427,8279.555087473402,7998.091641228853,8043.268868810789,2804069
2025-03-18,7890.7692608781945,7997.168298017685,7814.496929228552,7933.677560444446,16675229
2025-03-19,8081.834168121992,8237.330481874049,7966.864072338,7993.561707462964,23040265
2025-03-20,7924.039829732766,8055.489860459899,7758.65348419357,7834.433338209258,12142310
2025-03-21,7903.128248481297,8075.55460402019,7780.8430332906155,7938.80846313706,17862790
2025-03-24,7699.322546498824,7830.105772471057,7669.839883011076,7796.800250380473,17624867
2025-03-25,7919.062568054931,7967.751347961674,7792.0288625468165,7866.070914916473,5530662
2025-03-26,7899.685581898521,7995.668669938913,7772.737474429136,7944.6094168247955,2487843
2025-03-27,7933.10970461403,7981.8767134908185,7802.205427066838,7866.342483223784,3011987
2025-03-28,7926.0794279467755,8076.720958729717,7821.428377729035,7939.738593379071,11983536
2025-03-31,7971.994927105513,7988.327267636624,7940.455376458026,7975.520088878145,13082335
2025-04-01,7981.838850826234,8001.3616288003495,7825.702130549921,7915.842240199568,17324902
2025-04-02,7773.308409848181,7849.237734262499,7725.132443297738,7800.838348997264,18791641
2025-04-03,7562.941175627335,7612.212842820665,7425.4105117662,7575.866965601761,23285145
2025-04-04,7591.842618226847,7661.335443605524,7497.130301554468,7620.146019424004,2077347
2025-04-07,7416.224813429847,7566.189638322409,7406.447168397672,7445.857722894985,5622058
2025-04-08,7466.781629775945,7554.138534229437,7426.360670353043,7460.974027684872,24616701
2025-04-09,7504.85358114623,7513.181286120707,7309.844545239396,7435.96690763404,23487586
2025-04-10,7485.0105094510445,7585.006389932859,7374.812569022237,7516.179735834378,18208682
2025-04-11,7492.083607670188,7557.637942789012,7383.8183067174405,7486.636019737393,20169035
2025-04-14,7492.309882716989,7516.022744698322,7397.158836749776,7454.131166390903,24308128
2025-04-15,7488.279738634654,7644.845652031494,7446.217325737001,7540.435548489796,24528749
2025-04-16,7532.24667881973,7691.5940688185765,7488.868512131063,7582.857061918582,16308524
2025-04-17,7722.489280892117,7835.986483152164,7544.752099032711,7623.367257644599,12813740
2025-04-18,7733.115376236273,7847.882139147079,7646.309837103683,7681.602265687487,16848599
2025-04-21,7526.664895149357,7534.199114646226,7421.451546893326,7509.276412535585,14122251
2025-04-22,7632.70186521003,7778.673435952127,7464.931550075231,7599.026009141609,6607741
2025-04-23,7565.0417389641425,7799.778526417734,7494.871399920108,7673.397919179549,5916053
2025-04-24,7587.769972337562,7725.682640595434,7546.567446197734,7560.980744881799,12988030
2025-04-25,7539.985306430765,7549.766345855678,7500.649967525195,7537.835016903944,5274073
2025-04-28,7548.259053823147,7689.738466972331,7470.0367846860145,7537.9133401776,18207693
2025-04-29,7495.48424139603,7650.56974611888,7437.688867621565,7527.228711601414,10985739
2025-04-30,7474.40039891969,7697.418426091104,7457.064861477086,7569.44065371851,23000771
2025-05-01,7665.327557705884,7757.9511514921105,7574.40537525198,7736.502006742369,5585530
2025-05-02,7973.056201035745,8092.94531338529,7758.879122463027,7866.680264838435,24775149
2025-05-05,7695.422386435975,7865.0125046240355,7684.399384416198,7716.558140515702,19748604
2025-05-06,7785.402327547406,7901.4577959912285,7757.417072441845,7793.191664115012,3582904
2025-05-07,7846.495176227958,8047.3884524382975,7737.7257113434025,7953.217060133002,22099894
2025-05-08,7893.093108370773,8155.948703555798,7804.7838515030435,8004.134572255335,19176401
2025-05-09,8192.957568624865,8270.100862028332,8041.319288946094,8139.922365081961,17990629
2025-05-12,8400.091197473897,8504.139580281651,8246.460917421105,8390.502196584308,18119442
2025-05-13,8526.604448855609,8612.300469341382,8509.02196119669,8524.378055831383,6516974
2025-05-14,8495.394509978667,8721.674467906343,8390.747698340603,8561.37069349216,10214378
2025-05-15,8764.60357897488,8786.038379455626,8671.40784079541,8700.71836342029,19971557
2025-05-16,8638.01065314349,8816.644739352374,8496.328001207568,8724.848217889275,11956589
2025-05-19,8651.97542040338,8855.93131130782,8568.999042951917,8733.211383189111,13364354
2025-05-20,8682.17150264359,8831.897155241666,8512.480772837425,8692.416687965777,3107666
2025-05-21,8844.40697919018,9008.986068205832,8795.941302244142,8901.479743536069,17600019
2025-05-22,8730.891085829338,8958.268383409093,8652.639287653576,8797.54223851101,19795580
2025-05-23,9044.272920660525,9215.190120537553,8931.971761705938,9005.036810595917,19267383
2025-05-26,9119.074715754366,9139.337894707389,8905.32095132194,9077.95925520095,21152956
2025-05-27,8979.439942979956,9057.067562721024,8750.664062532784,8892.863364148025,10691195
2025-05-28,8925.152467819973,8960.176123856529,8759.254291471187,8947.240906093988,12109050
2025-05-29,8559.717205661735,8733.70798248706,8435.51033350751,8670.76760454051,19208816
2025-05-30,8697.862276882966,8855.4109650558,8627.595214788613,8757.324584834018,20851894
2025-06-02,9006.719951575647,9171.588894103164,8796.800280173915,8878.862871023646,12994850
2025-06-03,8830.726043813509,8981.594866612388,8731.60558561858,8805.298479230229,21233741
2025-06-04,8882.439620196576,8912.839723668125,8742.477310473787,8826.899773407418,3597112
2025-06-05,8956.575878679449,9116.09304910698,8823.90702049103,9090.933190409054,23410898
2025-06-06,9032.352632703387,9142.511922909203,8888.811841025103,9027.422107827577,11086658
2025-06-09,8766.116991824412,8988.214416038045,8613.622795182062,8889.450474669156,11826849
2025-06-10,9111.235709693376,9166.46050550143,9057.185681563067,9092.351746498773,6132857
2025-06-11,9483.696721717486,9655.253083556321,9287.864470704326,9365.475153588854,4865264
2025-06-12,9503.30890754504,9680.260156184873,9217.391615970322,9371.613614524009,9408040
2025-06-13,9531.003335134727,9613.442866739946,9361.085437273034,9519.422193991035,9138197
2025-06-16,9704.50165911961,9890.766666559648,9671.386759363355,9716.684981352566,18820453
2025-06-17,9742.65351639742,9823.46910976517,9557.687634474643,9614.297711473426,5010551
2025-06-18,9599.817792356136,9743.810449454711,9478.72554738552,9550.07816836518,24973332
2025-06-19,9605.098697516996,9829.871286076366,9487.248151845108,9732.132432507342,9610280
2025-06-20,9973.687616526448,10017.190823099616,9823.858250580186,9983.953443632701,3656094
2025-06-23,9995.735435891247,10261.931113909692,9981.837010484016,10074.24046023327,9692442
2025-06-24,9938.32208997869,10043.104368497738,9890.096898088748,9947.333084146245,13045028
2025-06-25,10236.096807849277,10403.079088482638,10090.06665720208,10249.790865046156,19562561
2025-06-26,10199.378619587054,10280.731948505714,10134.66379938915,10174.305629695207,21045000
2025-06-27,10085.739017400678,10143.026301585645,10029.45763880087,10129.26329986758,21751849
2025-06-30,10084.749422221661,10217.001295285043,9939.9781089482,10187.35530879328,8791679
2025-07-01,10432.123406314631,10540.911363807412,10306.878053706445,10430.959488168832,5322787
2025-07-02,10675.550501269981,10826.175289204246,10396.766178391366,10570.834896091019,9299258
2025-07-03,10695.326782766537,10774.044079915831,10452.55693402893,10642.959517654823,10436775
2025-07-04,10671.309780997513,10875.730801292457,10604.427118834705,10723.306709431028,3296181
2025-07-07,10877.02293444889,11032.282388635736,10576.577110300139,10736.740010530033,17375852
2025-07-08,10967.035254435967,11124.68399802843,10785.201082559493,10833.07103739118,24349478
2025-07-09,10337.595275061552,10536.545121702902,10326.395167887593,10428.527319788447,8537606
2025-07-10,10244.845503628978,10579.35477013623,10054.862798524693,10388.386751327884,11852619
2025-07-11,10507.745561973989,10615.920005810098,10317.340846921818,10432.223967251093,17803131
2025-07-14,10359.191157010542,10458.173629172372,10209.53059236567,10258.368750984759,11424200
2025-07-15,10468.876062965206,10519.003507615711,10272.247082978669,10323.969478003572,5699618
2025-07-16,10418.941437777574,10490.26374564115,10241.239326545374,10298.49954002151,9918791
2025-07-17,10607.757374206803,10626.897538059702,10434.470433103888,10575.860124819837,18446150
2025-07-18,10841.511769029214,10982.854407293109,10708.515708098517,10831.746189706551,15544643
2025-07-21,10610.113710095422,10824.148234930704,10517.852392474246,10762.56292194378,7077817
2025-07-22,10663.006672160167,10817.507029497432,10647.064102594619,10744.669454270868,21421772
2025-07-23,10726.186968229826,10907.217989256798,10578.416560976602,10739.198123702277,15900306
2025-07-24,10714.029952994882,10791.355276543156,10646.62659673709,10672.884733592613,17090749
2025-07-25,10728.906543171504,10789.006894435106,10551.114491698398,10710.510652053312,16947654
2025-07-28,10672.235808648173,10717.188303573468,10582.318634454386,10595.11313580332,16438680
2025-07-29,10352.92859039345,10585.63977748913,10277.714668228318,10421.785242883743,17206315
2025-07-30,10545.894289275726,10582.429684787989,10407.571155315034,10525.384753686802,17050489
2025-07-31,10499.735687100132,10733.375740834621,10412.109283343765,10631.09060085546,19459838
2025-08-01,10481.988740550027,10620.938403584802,10326.625670000265,10509.207949526353,16691224
2025-08-04,10736.631955851102,10887.593385357704,10499.036259259288,10656.655620455398,12850780
2025-08-05,10623.373546779747,10761.821453209275,10373.638275381949,10562.09201846871,11282251
2025-08-06,10764.688664142346,10941.269309925425,10419.356052652329,10608.538591780312,21874034
2025-08-07,10673.843731106059,10765.32553123768,10530.87573940899,10745.443481680408,14097902
2025-08-08,10745.889259627773,10817.747644835226,10686.725123680138,10746.473019054945,10287143
2025-08-11,10770.857560176873,10894.67313953239,10679.859455064327,10826.223817011154,6187635
2025-08-12,10729.701352554242,10789.424438287762,10536.020657722122,10748.854807644368,13682629
2025-08-13,10838.46126311294,10908.850423124648,10682.796983428854,10723.627258831617,21270907
2025-08-14,10756.062285283017,10830.123592810385,10605.232244254063,10696.948038119775,19615753
2025-08-15,10705.002406158925,10821.856122557825,10565.11951517989,10583.574560252753,15870401
2025-08-18,10467.916931613692,10705.612164804714,10391.852063212487,10561.861166953973,18066935
2025-08-19,10438.478479828069,10524.501038997676,10150.754619337878,10322.853911556096,18508908
2025-08-20,10117.58332897187,10403.406776850507,10006.308972705,10252.99599820511,9669144
2025-08-21,10334.425545818838,10410.767408954734,10136.896467341601,10215.335386401444,10280774
2025-08-22,10129.99795530667,10248.551225165087,9932.838102113565,10182.2101562691,10101351
2025-08-25,10094.968769566705,10265.9691211623,9895.929248544157,10151.434816171984,2850262
2025-08-26,10151.801038409294,10166.527351100114,9970.109081592449,10148.12074832889,14394735
2025-08-27,10362.401759706008,10388.47349361357,10071.54984052222,10227.19107703738,22062346
2025-08-28,10226.834089814427,10460.18524313945,10105.76303279189,10367.485189942878,9515257
2025-08-29,10227.119785513243,10466.970067812332,10117.294519958503,10272.659210562504,6989347
2025-09-01,10201.39266451848,10351.442131769907,9918.02353288928,10093.421720849792,2276016
2025-09-02,9910.708978371164,9968.29902778327,9839.296770216693,9941.710868312932,15418799
2025-09-03,9785.896473628454,10043.687219462083,9701.01970591517,9875.021436183159,11499898
2025-09-04,9806.64246157953,9975.402177462422,9665.375990914961,9828.817990685551,17329258
2025-09-05,9687.81602696909,9843.757659520834,9496.574060745457,9721.193013656983,10193168
2025-09-08,9656.896275423696,9817.061368384318,9361.339703928681,9538.02872554432,21475097
2025-09-09,9552.976442820236,9635.878004523258,9359.465112717548,9478.49413945813,2636024
2025-09-10,9511.435467645251,9560.975969185924,9347.598038518101,9509.976003274183,15177979
2025-09-11,9741.22169580573,9845.729851089714,9477.287398489569,9600.562727996206,4048149
2025-09-12,9516.12640220885,9634.91307054331,9439.38331046027,9526.04944082204,22670860
2025-09-15,9347.210407802451,9579.113463967753,9257.453923893236,9472.751505396182,6134667
2025-09-16,9280.100472678821,9456.456740536483,9135.259836250374,9346.759414296697,16784512
2025-09-17,9330.031337370821,9525.808264869773,9204.38032836421,9347.959654520104,22099315
2025-09-18,9139.551246393812,9402.142593247956,9063.387643962951,9234.602280680485,5270518
2025-09-19,9444.665080781151,9611.255974062766,9285.574066302806,9319.532153218071,21938879
2025-09-22,9148.125662785666,9296.571560643211,9023.842410074822,9075.472269615982,3908010
2025-09-23,8969.175791172873,9202.891477685183,8884.09957569608,9031.96041618265,6537079
2025-09-24,9102.903615082803,9129.041676064271,8959.10018203584,9078.173435961387,23965753
2025-09-25,9169.16667399028,9224.524068757879,8989.657879862847,9108.65356436334,23279696
2025-09-26,9607.594513341854,9707.571746813292,9450.86125864679,9482.067416737455,13087811
2025-09-29,9646.70458652511,9811.510386483473,9353.870320334001,9537.509068417437,21809779
2025-09-30,9403.872896914534,9503.536538529193,9388.043081808648,9399.588876519985,18028786
2025-10-01,9469.152976550662,9613.203981720608,9322.486928864713,9391.76875972024,20263846
2025-10-02,9164.225861920713,9197.585826974224,9082.608145892133,9147.172398612805,9903232
2025-10-03,9156.055744311594,9209.12298395861,8965.369629783774,9141.601805020437,17224492
2025-10-06,8928.455366669094,9167.478136102376,8852.608640313198,9032.854764788028,2085591
2025-10-07,9059.54008386456,9200.143108196113,8961.794741263451,9162.303288830413,19809889
2025-10-08,9100.33068317832,9170.182662525782,8928.70300081126,9092.27485082464,16859873
2025-10-09,9018.830566067698,9136.59081532606,8886.078053734827,9081.805198740856,9897687
2025-10-10,8871.344371914001,9069.505598999165,8843.98492114265,9000.674094237596,17038798
2025-10-13,9302.613636342876,9437.112284179362,9152.584986066337,9240.837013439483,4046416
2025-10-14,9072.793543316398,9275.367727932788,8962.60369389489,9201.853234995915,8071436
2025-10-15,9487.358638227211,9596.937660189906,9284.176128152512,9460.318161319718,20788934
2025-10-16,9592.79246389743,9620.599145746428,9519.900955995094,9581.526372735078,5125384
2025-10-17,9792.373420491367,9951.943437294723,9592.383420831598,9656.559314479451,15067243
2025-10-20,9711.162210484943,9793.760675172836,9630.237430636058,9715.763652692433,16026686
2025-10-21,9650.957699388717,9909.260811603703,9551.504486471762,9778.983733032119,12339938
2025-10-22,9516.825254451533,9657.506795233809,9390.364440440222,9502.090941331446,7086870
2025-10-23,9564.927957165126,9612.595325815484,9385.406917253827,9468.04256529753,22745141
2025-10-24,9736.752748826708,9910.152871815228,9444.421829376271,9593.753265520314,8636206
2025-10-27,9572.427468204578,9714.376551979254,9552.171467132468,9592.472904775184,13326873
2025-10-28,9345.385301026012,9481.973795889251,9263.025318033675,9396.039705545121,14515072
2025-10-29,9508.898002184671,9551.349226781098,9261.950804254173,9394.29141489285,13110111
2025-10-30,9550.767606255493,9822.293938975316,9441.35322143776,9640.060947063244,6879177
2025-10-31,9860.173309070611,10011.490446084907,9780.042493434761,9826.146665613625,12246208
2025-11-03,9795.118703035312,9871.551048400379,9629.294250458839,9822.903446264692,21248708
2025-11-04,9831.738784503186,10042.92214397942,9689.806592402829,9968.98710407085,3858626
2025-11-05,9874.715243408456,10082.693013680877,9804.709954912852,9920.162939939284,7294512
2025-11-06,9604.449440975202,9810.098246133117,9469.932354679504,9672.574781152438,4505777
2025-11-07,9597.53183832774,9746.772513648048,9497.076685126714,9544.248829978904,9349561
2025-11-10,9905.31500749327,9998.254804583137,9602.475193510347,9773.724368780215,18637236
2025-11-11,9671.647037331612,9881.742226394419,9618.36629396191,9739.419610490198,7812085
2025-11-12,9800.434271851016,9882.20302634367,9528.122669432842,9709.70698173243,23578296
2025-11-13,9542.847726587483,9720.357365755784,9354.273990373882,9671.862690505066,8497809
2025-11-14,9965.297620385954,10095.05440205211,9924.711696152963,9953.91402269412,9036687
2025-11-17,10071.210298176775,10402.059612080198,9981.027092870989,10202.65619982694,20418305
2025-11-18,10685.689393397943,10759.435807398086,10407.885382717552,10548.339572119483,24023084
2025-11-19,10613.64003584848,10717.212416949427,10365.44657533389,10529.503632563472,11473103
2025-11-20,10632.658231427871,10779.45298795519,10494.898596082283,10582.513021665069,24523335
2025-11-21,10448.665688801097,10566.616698585283,10241.228944432589,10348.114186551215,3752362
2025-11-24,10630.413952520912,10811.398112014971,10571.302185090219,10583.57534637595,18786229
2025-11-25,10550.91071792041,10714.16613507208,10390.813744673316,10404.536248551756,7675209
2025-11-26,10511.651932668305,10533.806782998301,10361.73759758567,10444.610708465414,13144694
2025-11-27,10409.915525851766,10617.801574760519,10159.877478618466,10278.964008932391,20579168
2025-11-28,10199.576722124953,10355.585843346988,10085.58080517118,10194.33727356623,21430884
2025-12-01,9956.711155704601,10247.82667248406,9886.686624304883,10072.42384180127,7490248
2025-12-02,9995.067647733993,10128.729253886137,9806.166476340859,9986.625637079267,24987311
2025-12-03,9800.905864130895,10083.029365672115,9666.032554396787,9911.85736332953,9648273
2025-12-04,9863.582824249092,9894.507883916993,9653.630856313172,9836.289046366597,4283997
2025-12-05,9959.910742763166,10040.949560669029,9774.59519362729,9965.144518220573,24966239
2025-12-08,9842.030970843309,10015.762481152722,9646.339894716251,9805.971843846413,12893799
2025-12-09,9699.597514015859,9891.856980580107,9595.034027712032,9844.294772308216,19456086
2025-12-10,9938.227623773915,10054.991305416352,9887.649122201597,10030.050582910499,4226954
2025-12-11,9956.267660953463,10117.943213722903,9848.983121508463,9958.857830834719,14359101
2025-12-12,9990.814723014539,10159.402098046394,9723.269412081596,9857.58836302783,8558035
2025-12-15,9795.095005962083,9869.622831821805,9614.51955776594,9829.416663107124,22747794
2025-12-16,9986.54508332533,10181.739687525695,9891.229651635811,10009.254472419212,10446563
2025-12-17,10109.09793715861,10251.116490305556,9895.284942564824,10044.403115201423,14904563
2025-12-18,10001.43943924645,10110.270812417932,9887.477505725472,9970.393799336603,14633945
2025-12-19,9988.126465934502,10217.307829581643,9973.8091562847,10048.74264705594,9327511
2025-12-22,9862.165051649388,9977.280913526887,9685.779954625856,9888.62214061053,14393740
2025-12-23,9910.967941159537,10042.459246798138,9752.693574834884,9995.620915005122,23018739
2025-12-24,10203.568120001208,10268.995448230467,9952.078093552385,10062.882543817439,16329569
2025-12-25,9911.40011667355,10128.677849008565,9895.578176906274,10022.45866597779,14781212
2025-12-26,9864.328059099673,10012.271739044658,9811.695809732284,9902.401768635176,20234531
2025-12-29,9637.568110691373,9936.05737570887,9609.29490401179,9776.639148700835,24576710
2025-12-30,9778.630436144249,10019.062900451208,9645.060036733039,9860.935873808905,12860530
2025-12-31,10133.186474747934,10255.25048017507,10037.067221220494,10048.63590421128,21047645
